Time,ECG,PPG,HR
13:24:13,33,1869,1962
13:24:13,33,1869,1962
13:24:13,-17,1869,1962
13:24:13,-17,1869,1962
13:24:13,-17,1869,1962
13:24:13,-17,1869,1962
13:24:13,87,1868,1962
13:24:13,87,1868,1962
13:24:13,87,1868,1962
13:24:13,87,1868,1962
13:24:13,125,1868,1963
13:24:13,125,1868,1963
13:24:13,125,1868,1963
13:24:13,125,1868,1963
13:24:13,148,1867,1960
13:24:13,148,1867,1960
13:24:13,148,1867,1960
13:24:13,148,1867,1960
13:24:13,66,1869,1960
13:24:13,66,1869,1960
13:24:13,66,1869,1960
13:24:13,66,1869,1960
13:24:13,88,1868,1962
13:24:13,88,1868,1962
13:24:13,88,1868,1962
13:24:13,88,1868,1962
13:24:13,68,1868,1961
13:24:13,68,1868,1961
13:24:13,68,1868,1961
13:24:13,68,1868,1961
13:24:13,-2,1870,1962
13:24:13,-2,1870,1962
13:24:13,-2,1870,1962
13:24:13,-2,1870,1962
13:24:13,155,1867,1961
13:24:13,155,1867,1961
13:24:13,155,1867,1961
13:24:13,155,1867,1961
13:24:13,75,1869,1960
13:24:13,75,1869,1960
13:24:13,75,1869,1960
13:24:13,75,1869,1960
13:24:13,80,1869,1962
13:24:13,80,1869,1962
13:24:13,80,1869,1962
13:24:13,80,1869,1962
13:24:13,181,1868,1961
13:24:13,181,1868,1961
13:24:13,181,1868,1961
13:24:13,181,1868,1961
13:24:13,129,1870,1961
13:24:13,129,1870,1961
13:24:13,129,1870,1961
13:24:13,129,1870,1961
13:24:13,152,1870,1962
13:24:13,152,1870,1962
13:24:13,152,1870,1962
13:24:13,152,1870,1962
13:24:13,145,1872,1963
13:24:13,145,1872,1963
13:24:13,145,1872,1963
13:24:13,145,1872,1963
13:24:13,14,1881,1969
13:24:13,14,1881,1969
13:24:13,14,1881,1969
13:24:13,14,1881,1969
13:24:13,125,1896,1986
13:24:13,125,1896,1986
13:24:13,125,1896,1986
13:24:13,125,1896,1986
13:24:13,175,1928,2012
13:24:13,175,1928,2012
13:24:13,175,1928,2012
13:24:13,175,1928,2012
13:24:13,54,1977,2064
13:24:13,54,1977,2064
13:24:13,54,1977,2064
13:24:13,54,1977,2064
13:24:13,95,2029,2124
13:24:13,95,2029,2124
13:24:13,95,2029,2124
13:24:13,95,2029,2124
13:24:13,76,2089,2193
13:24:13,76,2089,2193
13:24:13,76,2089,2193
13:24:13,76,2089,2193
13:24:13,127,2144,2256
13:24:13,127,2144,2256
13:24:13,127,2144,2256
13:24:13,127,2144,2256
13:24:13,170,2221,2338
13:24:13,170,2221,2338
13:24:13,170,2221,2338
13:24:13,170,2221,2338
13:24:13,179,2333,2464
13:24:13,179,2333,2464
13:24:13,179,2333,2464
13:24:14,179,2333,2464
13:24:14,65,2504,2651
13:24:14,65,2504,2651
13:24:14,65,2504,2651
13:24:14,65,2504,2651
13:24:14,58,2776,2954
13:24:14,58,2776,2954
13:24:14,58,2776,2954
13:24:14,58,2776,2954
13:24:14,228,3171,3390
13:24:14,228,3171,3390
13:24:14,228,3171,3390
13:24:14,228,3171,3390
13:24:14,149,3658,3929
13:24:14,149,3658,3929
13:24:14,149,3658,3929
13:24:14,149,3658,3929
13:24:14,157,4217,4537
13:24:14,157,4217,4537
13:24:14,157,4217,4537
13:24:14,157,4217,4537
13:24:14,153,5118,5504
13:24:14,153,5118,5504
13:24:14,153,5118,5504
13:24:14,153,5118,5504
13:24:14,-34,6160,6626
13:24:14,-34,6160,6626
13:24:14,-34,6160,6626
13:24:14,-34,6160,6626
13:24:14,106,7180,7717
13:24:14,106,7180,7717
13:24:14,106,7180,7717
13:24:14,106,7180,7717
13:24:14,144,8682,9320
13:24:14,144,8682,9320
13:24:14,144,8682,9320
13:24:14,144,8682,9320
13:24:14,-47,8992,9672
13:24:14,-47,8992,9672
13:24:14,-47,8992,9672
13:24:14,-47,8992,9672
13:24:14,44,8953,9605
13:24:14,44,8953,9605
13:24:14,44,8953,9605
13:24:14,44,8953,9605
13:24:14,127,9549,10223
13:24:14,127,9549,10223
13:24:14,127,9549,10223
13:24:14,127,9549,10223
13:24:14,-4,9049,9717
13:24:14,-4,9049,9717
13:24:14,-4,9049,9717
13:24:14,-4,9049,9717
13:24:14,19,8546,9185
13:24:14,19,8546,9185
13:24:14,19,8546,9185
13:24:14,19,8546,9185
13:24:14,51,8573,9212
13:24:14,51,8573,9212
13:24:14,51,8573,9212
13:24:14,51,8573,9212
13:24:14,50,8843,9482
13:24:14,50,8843,9482
13:24:14,50,8843,9482
13:24:14,50,8843,9482
13:24:14,54,9007,9608
13:24:14,54,9007,9608
13:24:14,54,9007,9608
13:24:14,54,9007,9608
13:24:14,-134,8659,9218
13:24:14,-134,8659,9218
13:24:14,-134,8659,9218
13:24:14,-134,8659,9218
13:24:14,14,8752,9278
13:24:14,14,8752,9278
13:24:14,14,8752,9278
13:24:14,14,8752,9278
13:24:14,-137,9525,10057
13:24:14,-137,9525,10057
13:24:14,-137,9525,10057
13:24:14,-137,9525,10057
13:24:14,-35,10927,11454
13:24:14,-35,10927,11454
13:24:14,-35,10927,11454
13:24:14,-35,10927,11454
13:24:14,19,13717,14230
13:24:14,19,13717,14230
13:24:14,19,13717,14230
13:24:14,19,13717,14230
13:24:14,-181,19210,19718
13:24:14,-181,19210,19718
13:24:14,-181,19210,19718
13:24:14,-181,19210,19718
13:24:14,-19,27072,27598
13:24:14,-19,27072,27598
13:24:14,-19,27072,27598
13:24:14,-19,27072,27598
13:24:14,-38,-22841,-22553
13:24:14,-38,-22841,-22553
13:24:14,-38,-22841,-22553
13:24:14,-38,-22841,-22553
13:24:14,1798,-24548,-19819
13:24:14,1798,-24548,-19819
13:24:14,1798,-24548,-19819
13:24:14,1798,-24548,-19819
13:24:14,373,-20974,-12835
13:24:14,373,-20974,-12835
13:24:14,373,-20974,-12835
13:24:14,373,-20974,-12835
13:24:14,-291,-19278,-8759
13:24:14,-291,-19278,-8759
13:24:14,-291,-19278,-8759
13:24:14,-291,-19278,-8759
13:24:14,-366,-18772,-7549
13:24:14,-366,-18772,-7549
13:24:14,-366,-18772,-7549
13:24:14,-366,-18772,-7549
13:24:14,-574,-18594,-7105
13:24:14,-574,-18594,-7105
13:24:14,-574,-18594,-7105
13:24:14,-574,-18594,-7105
13:24:14,-598,-18547,-6922
13:24:14,-598,-18547,-6922
13:24:14,-598,-18547,-6922
13:24:14,-598,-18547,-6922
13:24:14,-707,-18503,-6803
13:24:14,-707,-18503,-6803
13:24:14,-707,-18503,-6803
13:24:14,-707,-18503,-6803
13:24:14,-1019,-18482,-6723
13:24:14,-1019,-18482,-6723
13:24:14,-1019,-18482,-6723
13:24:14,-1019,-18482,-6723
13:24:14,-1113,-18472,-6683
13:24:14,-1113,-18472,-6683
13:24:14,-1113,-18472,-6683
13:24:14,-1113,-18472,-6683
13:24:14,-1185,-18464,-6663
13:24:14,-1185,-18464,-6663
13:24:14,-1185,-18464,-6663
13:24:14,-1185,-18464,-6663
13:24:14,-1362,-18470,-6641
13:24:14,-1362,-18470,-6641
13:24:14,-1362,-18470,-6641
13:24:14,-1362,-18470,-6641
13:24:14,-1315,-18472,-6622
13:24:14,-1315,-18472,-6622
13:24:14,-1315,-18472,-6622
13:24:14,-1315,-18472,-6622
13:24:14,-1279,-18474,-6597
13:24:14,-1279,-18474,-6597
13:24:14,-1279,-18474,-6597
13:24:14,-1279,-18474,-6597
13:24:14,-1418,-18476,-6572
13:24:14,-1418,-18476,-6572
13:24:14,-1418,-18476,-6572
13:24:14,-1418,-18476,-6572
13:24:14,-1501,-18492,-6598
13:24:14,-1501,-18492,-6598
13:24:14,-1501,-18492,-6598
13:24:14,-1501,-18492,-6598
13:24:14,-1458,-18509,-6605
13:24:14,-1458,-18509,-6605
13:24:14,-1458,-18509,-6605
13:24:14,-1458,-18509,-6605
13:24:14,-1554,-18517,-6594
13:24:14,-1554,-18517,-6594
13:24:14,-1554,-18517,-6594
13:24:14,-1554,-18517,-6594
13:24:14,-1623,-18532,-6604
13:24:14,-1623,-18532,-6604
13:24:14,-1623,-18532,-6604
13:24:14,-1623,-18532,-6604
13:24:14,-1584,-18538,-6598
13:24:14,-1584,-18538,-6598
13:24:14,-1584,-18538,-6598
13:24:14,-1584,-18538,-6598
13:24:14,-1554,-18539,-6599
13:24:14,-1554,-18539,-6599
13:24:14,-1554,-18539,-6599
13:24:14,-1554,-18539,-6599
13:24:14,-1667,-18534,-6595
13:24:14,-1667,-18534,-6595
13:24:14,-1667,-18534,-6595
13:24:14,-1667,-18534,-6595
13:24:14,-1647,-18541,-6596
13:24:14,-1647,-18541,-6596
13:24:14,-1647,-18541,-6596
13:24:14,-1647,-18541,-6596
13:24:14,-1726,-18542,-6584
13:24:14,-1726,-18542,-6584
13:24:14,-1726,-18542,-6584
13:24:14,-1726,-18542,-6584
13:24:14,-1714,-18551,-6605
13:24:14,-1714,-18551,-6605
13:24:14,-1714,-18551,-6605
13:24:14,-1714,-18551,-6605
13:24:14,-1605,-18561,-6620
13:24:14,-1605,-18561,-6620
13:24:15,-1605,-18561,-6620
13:24:15,-1605,-18561,-6620
13:24:15,-1747,-18582,-6644
13:24:15,-1747,-18582,-6644
13:24:15,-1747,-18582,-6644
13:24:15,-1747,-18582,-6644
13:24:15,-1743,-18569,-6636
13:24:15,-1743,-18569,-6636
13:24:15,-1743,-18569,-6636
13:24:15,-1743,-18569,-6636
13:24:15,-1764,-18565,-6614
13:24:15,-1764,-18565,-6614
13:24:15,-1764,-18565,-6614
13:24:15,-1764,-18565,-6614
13:24:15,-1912,-18549,-6607
13:24:15,-1912,-18549,-6607
13:24:15,-1912,-18549,-6607
13:24:15,-1912,-18549,-6607
13:24:15,-1851,-18562,-6624
13:24:15,-1851,-18562,-6624
13:24:15,-1851,-18562,-6624
13:24:15,-1851,-18562,-6624
13:24:15,-1894,-18572,-6643
13:24:15,-1894,-18572,-6643
13:24:15,-1894,-18572,-6643
13:24:15,-1894,-18572,-6643
13:24:15,-1892,-18581,-6627
13:24:15,-1892,-18581,-6627
13:24:15,-1892,-18581,-6627
13:24:15,-1892,-18581,-6627
13:24:15,-1892,-18574,-6613
13:24:15,-1892,-18574,-6613
13:24:15,-1892,-18574,-6613
13:24:15,-1892,-18574,-6613
13:24:15,-1899,-18575,-6606
13:24:15,-1899,-18575,-6606
13:24:15,-1899,-18575,-6606
13:24:15,-1899,-18575,-6606
13:24:15,-1905,-18571,-6606
13:24:15,-1905,-18571,-6606
13:24:15,-1905,-18571,-6606
13:24:15,-1905,-18571,-6606
13:24:15,-1902,-18572,-6589
13:24:15,-1902,-18572,-6589
13:24:15,-1902,-18572,-6589
13:24:15,-1902,-18572,-6589
13:24:15,-1951,-18558,-6567
13:24:15,-1951,-18558,-6567
13:24:15,-1951,-18558,-6567
13:24:15,-1951,-18558,-6567
13:24:15,-1918,-18550,-6544
13:24:15,-1918,-18550,-6544
13:24:15,-1918,-18550,-6544
13:24:15,-1918,-18550,-6544
13:24:15,-1932,-18564,-6559
13:24:15,-1932,-18564,-6559
13:24:15,-1932,-18564,-6559
13:24:15,-1932,-18564,-6559
13:24:15,-1848,-18577,-6582
13:24:15,-1848,-18577,-6582
13:24:15,-1848,-18577,-6582
13:24:15,-1848,-18577,-6582
13:24:15,-1986,-18586,-6576
13:24:15,-1986,-18586,-6576
13:24:15,-1986,-18586,-6576
13:24:15,-1986,-18586,-6576
13:24:15,-1912,-18582,-6583
13:24:15,-1912,-18582,-6583
13:24:15,-1912,-18582,-6583
13:24:15,-1912,-18582,-6583
13:24:15,-1910,-18582,-6585
13:24:15,-1910,-18582,-6585
13:24:15,-1910,-18582,-6585
13:24:15,-1910,-18582,-6585
13:24:15,-1933,-18586,-6585
13:24:15,-1933,-18586,-6585
13:24:15,-1933,-18586,-6585
13:24:15,-1933,-18586,-6585
13:24:15,-1897,-18583,-6575
13:24:15,-1897,-18583,-6575
13:24:15,-1897,-18583,-6575
13:24:15,-1897,-18583,-6575
13:24:15,-1865,-18587,-6559
13:24:15,-1865,-18587,-6559
13:24:15,-1865,-18587,-6559
13:24:15,-1865,-18587,-6559
13:24:15,-1842,-18584,-6574
13:24:15,-1842,-18584,-6574
13:24:15,-1842,-18584,-6574
13:24:15,-1842,-18584,-6574
13:24:15,-1912,-18600,-6596
13:24:15,-1912,-18600,-6596
13:24:15,-1912,-18600,-6596
13:24:15,-1912,-18600,-6596
13:24:15,-1849,-18621,-6626
13:24:15,-1849,-18621,-6626
13:24:15,-1849,-18621,-6626
13:24:15,-1849,-18621,-6626
13:24:15,-1847,-18621,-6620
13:24:15,-1847,-18621,-6620
13:24:15,-1847,-18621,-6620
13:24:15,-1847,-18621,-6620
13:24:15,-1784,-18609,-6598
13:24:15,-1784,-18609,-6598
13:24:15,-1784,-18609,-6598
13:24:15,-1784,-18609,-6598
13:24:15,-1681,-18618,-6603
13:24:15,-1681,-18618,-6603
13:24:15,-1681,-18618,-6603
13:24:15,-1681,-18618,-6603
13:24:15,-1813,-18616,-6592
13:24:15,-1813,-18616,-6592
13:24:15,-1813,-18616,-6592
13:24:15,-1813,-18616,-6592
13:24:15,-1738,-18623,-6609
13:24:15,-1738,-18623,-6609
13:24:15,-1738,-18623,-6609
13:24:15,-1738,-18623,-6609
13:24:15,-1651,-18636,-6625
13:24:15,-1651,-18636,-6625
13:24:15,-1651,-18636,-6625
13:24:15,-1651,-18636,-6625
13:24:15,-1825,-18638,-6632
13:24:15,-1825,-18638,-6632
13:24:15,-1825,-18638,-6632
13:24:15,-1825,-18638,-6632
13:24:15,-1772,-18653,-6632
13:24:15,-1772,-18653,-6632
13:24:15,-1772,-18653,-6632
13:24:15,-1772,-18653,-6632
13:24:15,-1571,-18647,-6640
13:24:15,-1571,-18647,-6640
13:24:15,-1571,-18647,-6640
13:24:15,-1571,-18647,-6640
13:24:15,-1577,-18637,-6612
13:24:15,-1577,-18637,-6612
13:24:15,-1577,-18637,-6612
13:24:15,-1577,-18637,-6612
13:24:15,-1720,-18635,-6610
13:24:15,-1720,-18635,-6610
13:24:15,-1720,-18635,-6610
13:24:15,-1720,-18635,-6610
13:24:15,-1736,-18638,-6608
13:24:15,-1736,-18638,-6608
13:24:15,-1736,-18638,-6608
13:24:15,-1736,-18638,-6608
13:24:15,-1540,-18653,-6634
13:24:15,-1540,-18653,-6634
13:24:15,-1540,-18653,-6634
13:24:15,-1540,-18653,-6634
13:24:15,-1575,-18678,-6658
13:24:15,-1575,-18678,-6658
13:24:15,-1575,-18678,-6658
13:24:15,-1575,-18678,-6658
13:24:15,-1469,-18680,-6671
13:24:15,-1469,-18680,-6671
13:24:15,-1469,-18680,-6671
13:24:15,-1469,-18680,-6671
13:24:15,-1658,-18677,-6667
13:24:15,-1658,-18677,-6667
13:24:15,-1658,-18677,-6667
13:24:15,-1658,-18677,-6667
13:24:15,-1617,-18675,-6657
13:24:15,-1617,-18675,-6657
13:24:15,-1617,-18675,-6657
13:24:15,-1617,-18675,-6657
13:24:15,-1604,-18671,-6661
13:24:15,-1604,-18671,-6661
13:24:15,-1604,-18671,-6661
13:24:15,-1604,-18671,-6661
13:24:15,-1609,-18678,-6664
13:24:15,-1609,-18678,-6664
13:24:15,-1609,-18678,-6664
13:24:15,-1609,-18678,-6664
13:24:15,-1583,-18669,-6662
13:24:15,-1583,-18669,-6662
13:24:15,-1583,-18669,-6662
13:24:15,-1583,-18669,-6662
13:24:15,-1575,-18682,-6657
13:24:15,-1575,-18682,-6657
13:24:15,-1575,-18682,-6657
13:24:15,-1575,-18682,-6657
13:24:15,-1578,-18671,-6648
13:24:15,-1578,-18671,-6648
13:24:15,-1578,-18671,-6648
13:24:15,-1578,-18671,-6648
13:24:15,-1607,-18658,-6635
13:24:15,-1607,-18658,-6635
13:24:15,-1607,-18658,-6635
13:24:15,-1607,-18658,-6635
13:24:15,-1405,-18668,-6636
13:24:15,-1405,-18668,-6636
13:24:15,-1405,-18668,-6636
13:24:15,-1405,-18668,-6636
13:24:15,-1408,-18671,-6661
13:24:15,-1408,-18671,-6661
13:24:15,-1408,-18671,-6661
13:24:15,-1408,-18671,-6661
13:24:15,-1587,-18678,-6657
13:24:15,-1587,-18678,-6657
13:24:16,-1587,-18678,-6657
13:24:16,-1587,-18678,-6657
13:24:16,-1486,-18677,-6661
13:24:16,-1486,-18677,-6661
13:24:16,-1486,-18677,-6661
13:24:16,-1486,-18677,-6661
13:24:16,-1502,-18671,-6638
13:24:16,-1502,-18671,-6638
13:24:16,-1502,-18671,-6638
13:24:16,-1502,-18671,-6638
13:24:16,-1493,-18660,-6641
13:24:16,-1493,-18660,-6641
13:24:16,-1493,-18660,-6641
13:24:16,-1493,-18660,-6641
13:24:16,-1337,-18664,-6628
13:24:16,-1337,-18664,-6628
13:24:16,-1337,-18664,-6628
13:24:16,-1337,-18664,-6628
13:24:16,-1267,-18669,-6625
13:24:16,-1267,-18669,-6625
13:24:16,-1267,-18669,-6625
13:24:16,-1267,-18669,-6625
13:24:16,-1266,-18658,-6617
13:24:16,-1266,-18658,-6617
13:24:16,-1266,-18658,-6617
13:24:16,-1266,-18658,-6617
13:24:16,-1267,-18647,-6585
13:24:16,-1267,-18647,-6585
13:24:16,-1267,-18647,-6585
13:24:16,-1267,-18647,-6585
13:24:16,-1111,-18643,-6604
13:24:16,-1111,-18643,-6604
13:24:16,-1111,-18643,-6604
13:24:16,-1111,-18643,-6604
13:24:16,-1259,-18664,-6610
13:24:16,-1259,-18664,-6610
13:24:16,-1259,-18664,-6610
13:24:16,-1259,-18664,-6610
13:24:16,-1357,-18678,-6651
13:24:16,-1357,-18678,-6651
13:24:16,-1357,-18678,-6651
13:24:16,-1357,-18678,-6651
13:24:16,-1245,-18696,-6647
13:24:16,-1245,-18696,-6647
13:24:16,-1245,-18696,-6647
13:24:16,-1245,-18696,-6647
13:24:16,-1278,-18693,-6653
13:24:16,-1278,-18693,-6653
13:24:16,-1278,-18693,-6653
13:24:16,-1278,-18693,-6653
13:24:16,-1202,-18682,-6631
13:24:16,-1202,-18682,-6631
13:24:16,-1202,-18682,-6631
13:24:16,-1202,-18682,-6631
13:24:16,-1107,-18674,-6620
13:24:16,-1107,-18674,-6620
13:24:16,-1107,-18674,-6620
13:24:16,-1107,-18674,-6620
13:24:16,-1119,-18667,-6601
13:24:16,-1119,-18667,-6601
13:24:16,-1119,-18667,-6601
13:24:16,-1119,-18667,-6601
13:24:16,-1019,-18663,-6615
13:24:16,-1019,-18663,-6615
13:24:16,-1019,-18663,-6615
13:24:16,-1019,-18663,-6615
13:24:16,-1048,-18667,-6611
13:24:16,-1048,-18667,-6611
13:24:16,-1048,-18667,-6611
13:24:16,-1048,-18667,-6611
13:24:16,-997,-18686,-6620
13:24:16,-997,-18686,-6620
13:24:16,-997,-18686,-6620
13:24:16,-997,-18686,-6620
13:24:16,-903,-18679,-6623
13:24:16,-903,-18679,-6623
13:24:16,-903,-18679,-6623
13:24:16,-903,-18679,-6623
13:24:16,-886,-18679,-6593
13:24:16,-886,-18679,-6593
13:24:16,-886,-18679,-6593
13:24:16,-886,-18679,-6593
13:24:16,-914,-18665,-6603
13:24:16,-914,-18665,-6603
13:24:16,-914,-18665,-6603
13:24:16,-914,-18665,-6603
13:24:16,-784,-18662,-6572
13:24:16,-784,-18662,-6572
13:24:16,-784,-18662,-6572
13:24:16,-784,-18662,-6572
13:24:16,-633,-18657,-6576
13:24:16,-633,-18657,-6576
13:24:16,-633,-18657,-6576
13:24:16,-633,-18657,-6576
13:24:16,-798,-18675,-6593
13:24:16,-798,-18675,-6593
13:24:16,-798,-18675,-6593
13:24:16,-798,-18675,-6593
13:24:16,-620,-18659,-6605
13:24:16,-620,-18659,-6605
13:24:16,-620,-18659,-6605
13:24:16,-620,-18659,-6605
13:24:16,-453,-18667,-6609
13:24:16,-453,-18667,-6609
13:24:16,-453,-18667,-6609
13:24:16,-453,-18667,-6609
13:24:16,-428,-18665,-6590
13:24:16,-428,-18665,-6590
13:24:16,-428,-18665,-6590
13:24:16,-428,-18665,-6590
13:24:16,-377,-18655,-6573
13:24:16,-377,-18655,-6573
13:24:16,-377,-18655,-6573
13:24:16,-377,-18655,-6573
13:24:16,-383,-18657,-6571
13:24:16,-383,-18657,-6571
13:24:16,-383,-18657,-6571
13:24:16,-383,-18657,-6571
13:24:16,-217,-18649,-6554
13:24:16,-217,-18649,-6554
13:24:16,-217,-18649,-6554
13:24:16,-217,-18649,-6554
13:24:16,-286,-18650,-6559
13:24:16,-286,-18650,-6559
13:24:16,-286,-18650,-6559
13:24:16,-286,-18650,-6559
13:24:16,-73,-18655,-6545
13:24:16,-73,-18655,-6545
13:24:16,-73,-18655,-6545
13:24:16,-73,-18655,-6545
13:24:16,30,-18654,-6558
13:24:16,30,-18654,-6558
13:24:16,30,-18654,-6558
13:24:16,30,-18654,-6558
13:24:16,-15,-18664,-6576
13:24:16,-15,-18664,-6576
13:24:16,-15,-18664,-6576
13:24:16,-15,-18664,-6576
13:24:16,180,-18677,-6575
13:24:16,180,-18677,-6575
13:24:16,180,-18677,-6575
13:24:16,180,-18677,-6575
13:24:16,39,-18667,-6567
13:24:16,39,-18667,-6567
13:24:16,39,-18667,-6567
13:24:16,39,-18667,-6567
13:24:16,204,-18665,-6553
13:24:16,204,-18665,-6553
13:24:16,204,-18665,-6553
13:24:16,204,-18665,-6553
13:24:16,316,-18660,-6538
13:24:16,316,-18660,-6538
13:24:16,316,-18660,-6538
13:24:16,316,-18660,-6538
13:24:16,335,-18652,-6541
13:24:16,335,-18652,-6541
13:24:16,335,-18652,-6541
13:24:16,335,-18652,-6541
13:24:16,341,-18651,-6557
13:24:16,341,-18651,-6557
13:24:16,341,-18651,-6557
13:24:16,341,-18651,-6557
13:24:16,435,-18657,-6563
13:24:16,435,-18657,-6563
13:24:16,435,-18657,-6563
13:24:16,435,-18657,-6563
13:24:16,660,-18670,-6564
13:24:16,660,-18670,-6564
13:24:16,660,-18670,-6564
13:24:16,660,-18670,-6564
13:24:16,577,-18657,-6571
13:24:16,577,-18657,-6571
13:24:16,577,-18657,-6571
13:24:16,577,-18657,-6571
13:24:16,762,-18665,-6567
13:24:16,762,-18665,-6567
13:24:16,762,-18665,-6567
13:24:16,762,-18665,-6567
13:24:16,771,-18666,-6565
13:24:16,771,-18666,-6565
13:24:16,771,-18666,-6565
13:24:16,771,-18666,-6565
13:24:16,866,-18670,-6574
13:24:16,866,-18670,-6574
13:24:16,866,-18670,-6574
13:24:16,866,-18670,-6574
13:24:16,960,-18679,-6582
13:24:16,960,-18679,-6582
13:24:16,960,-18679,-6582
13:24:16,960,-18679,-6582
13:24:16,1072,-18686,-6586
13:24:16,1072,-18686,-6586
13:24:16,1072,-18686,-6586
13:24:16,1072,-18686,-6586
13:24:16,1156,-18680,-6589
13:24:16,1156,-18680,-6589
13:24:16,1156,-18680,-6589
13:24:16,1156,-18680,-6589
13:24:16,1083,-18688,-6587
13:24:17,1083,-18688,-6587
13:24:17,1083,-18688,-6587
13:24:17,1083,-18688,-6587
13:24:17,1313,-18685,-6584
13:24:17,1313,-18685,-6584
13:24:17,1313,-18685,-6584
13:24:17,1313,-18685,-6584
13:24:17,1354,-18673,-6564
13:24:17,1354,-18673,-6564
13:24:17,1354,-18673,-6564
13:24:17,1354,-18673,-6564
13:24:17,1450,-18678,-6568
13:24:17,1450,-18678,-6568
13:24:17,1450,-18678,-6568
13:24:17,1450,-18678,-6568
13:24:17,1551,-18686,-6587
13:24:17,1551,-18686,-6587
13:24:17,1551,-18686,-6587
13:24:17,1551,-18686,-6587
13:24:17,1624,-18692,-6584
13:24:17,1624,-18692,-6584
13:24:17,1624,-18692,-6584
13:24:17,1624,-18692,-6584
13:24:17,1754,-18681,-6583
13:24:17,1754,-18681,-6583
13:24:17,1754,-18681,-6583
13:24:17,1754,-18681,-6583
13:24:17,1847,-18687,-6601
13:24:17,1847,-18687,-6601
13:24:17,1847,-18687,-6601
13:24:17,1847,-18687,-6601
13:24:17,2020,-18690,-6616
13:24:17,2020,-18690,-6616
13:24:17,2020,-18690,-6616
13:24:17,2020,-18690,-6616
13:24:17,2017,-18699,-6629
13:24:17,2017,-18699,-6629
13:24:17,2017,-18699,-6629
13:24:17,2017,-18699,-6629
13:24:17,1978,-18703,-6623
13:24:17,1978,-18703,-6623
13:24:17,1978,-18703,-6623
13:24:17,1978,-18703,-6623
13:24:17,2009,-18701,-6632
13:24:17,2009,-18701,-6632
13:24:17,2009,-18701,-6632
13:24:17,2009,-18701,-6632
13:24:17,2211,-18702,-6626
13:24:17,2211,-18702,-6626
13:24:17,2211,-18702,-6626
13:24:17,2211,-18702,-6626
13:24:17,2253,-18718,-6634
13:24:17,2253,-18718,-6634
13:24:17,2253,-18718,-6634
13:24:17,2253,-18718,-6634
13:24:17,2073,-18717,-6642
13:24:17,2073,-18717,-6642
13:24:17,2073,-18717,-6642
13:24:17,2073,-18717,-6642
13:24:17,2108,-18720,-6623
13:24:17,2108,-18720,-6623
13:24:17,2108,-18720,-6623
13:24:17,2108,-18720,-6623
13:24:17,2139,-18713,-6643
13:24:17,2139,-18713,-6643
13:24:17,2139,-18713,-6643
13:24:17,2139,-18713,-6643
13:24:17,2249,-18718,-6635
13:24:17,2249,-18718,-6635
13:24:17,2249,-18718,-6635
13:24:17,2249,-18718,-6635
13:24:17,2297,-18720,-6655
13:24:17,2297,-18720,-6655
13:24:17,2297,-18720,-6655
13:24:17,2297,-18720,-6655
13:24:17,2257,-18714,-6634
13:24:17,2257,-18714,-6634
13:24:17,2257,-18714,-6634
13:24:17,2257,-18714,-6634
13:24:17,2313,-18710,-6624
13:24:17,2313,-18710,-6624
13:24:17,2313,-18710,-6624
13:24:17,2313,-18710,-6624
13:24:17,2331,-18705,-6628
13:24:17,2331,-18705,-6628
13:24:17,2331,-18705,-6628
13:24:17,2331,-18705,-6628
13:24:17,2374,-18696,-6628
13:24:17,2374,-18696,-6628
13:24:17,2374,-18696,-6628
13:24:17,2374,-18696,-6628
13:24:17,2390,-18716,-6635
13:24:17,2390,-18716,-6635
13:24:17,2390,-18716,-6635
13:24:17,2390,-18716,-6635
13:24:17,2437,-18712,-6631
13:24:17,2437,-18712,-6631
13:24:17,2437,-18712,-6631
13:24:17,2437,-18712,-6631
13:24:17,2288,-18710,-6631
13:24:17,2288,-18710,-6631
13:24:17,2288,-18710,-6631
13:24:17,2288,-18710,-6631
13:24:17,2167,-18715,-6644
13:24:17,2167,-18715,-6644
13:24:17,2167,-18715,-6644
13:24:17,2167,-18715,-6644
13:24:17,2287,-18723,-6647
13:24:17,2287,-18723,-6647
13:24:17,2287,-18723,-6647
13:24:17,2287,-18723,-6647
13:24:17,2345,-18710,-6640
13:24:17,2345,-18710,-6640
13:24:17,2345,-18710,-6640
13:24:17,2345,-18710,-6640
13:24:17,2271,-18722,-6634
13:24:17,2271,-18722,-6634
13:24:17,2271,-18722,-6634
13:24:17,2271,-18722,-6634
13:24:17,2239,-18721,-6649
13:24:17,2239,-18721,-6649
13:24:17,2239,-18721,-6649
13:24:17,2239,-18721,-6649
13:24:17,2287,-18724,-6647
13:24:17,2287,-18724,-6647
13:24:17,2287,-18724,-6647
13:24:17,2287,-18724,-6647
13:24:17,2414,-18731,-6653
13:24:17,2414,-18731,-6653
13:24:17,2414,-18731,-6653
13:24:17,2414,-18731,-6653
13:24:17,2229,-18731,-6642
13:24:17,2229,-18731,-6642
13:24:17,2229,-18731,-6642
13:24:17,2229,-18731,-6642
13:24:17,2134,-18734,-6651
13:24:17,2134,-18734,-6651
13:24:17,2134,-18734,-6651
13:24:17,2134,-18734,-6651
13:24:17,2242,-18739,-6664
13:24:17,2242,-18739,-6664
13:24:17,2242,-18739,-6664
13:24:17,2242,-18739,-6664
13:24:17,2202,-18751,-6672
13:24:17,2202,-18751,-6672
13:24:17,2202,-18751,-6672
13:24:17,2202,-18751,-6672
13:24:17,2095,-18746,-6686
13:24:17,2095,-18746,-6686
13:24:17,2095,-18746,-6686
13:24:17,2095,-18746,-6686
13:24:17,2126,-18753,-6700
13:24:17,2126,-18753,-6700
13:24:17,2126,-18753,-6700
13:24:17,2126,-18753,-6700
13:24:17,2093,-18758,-6726
13:24:17,2093,-18758,-6726
13:24:17,2093,-18758,-6726
13:24:17,2093,-18758,-6726
13:24:17,2021,-18770,-6720
13:24:17,2021,-18770,-6720
13:24:17,2021,-18770,-6720
13:24:17,2021,-18770,-6720
13:24:17,1994,-18767,-6728
13:24:17,1994,-18767,-6728
13:24:17,1994,-18767,-6728
13:24:17,1994,-18767,-6728
13:24:17,1909,-18772,-6720
13:24:17,1909,-18772,-6720
13:24:17,1909,-18772,-6720
13:24:17,1909,-18772,-6720
13:24:17,2014,-18763,-6708
13:24:17,2014,-18763,-6708
13:24:17,2014,-18763,-6708
13:24:17,2014,-18763,-6708
13:24:17,1898,-18759,-6696
13:24:17,1898,-18759,-6696
13:24:17,1898,-18759,-6696
13:24:17,1898,-18759,-6696
13:24:17,1772,-18766,-6679
13:24:17,1772,-18766,-6679
13:24:17,1772,-18766,-6679
13:24:17,1772,-18766,-6679
13:24:17,1773,-18751,-6663
13:24:17,1773,-18751,-6663
13:24:17,1773,-18751,-6663
13:24:17,1773,-18751,-6663
13:24:17,1787,-18742,-6661
13:24:17,1787,-18742,-6661
13:24:17,1787,-18742,-6661
13:24:17,1787,-18742,-6661
13:24:17,1643,-18744,-6662
13:24:17,1643,-18744,-6662
13:24:17,1643,-18744,-6662
13:24:17,1643,-18744,-6662
13:24:17,1584,-18748,-6671
13:24:17,1584,-18748,-6671
13:24:17,1584,-18748,-6671
13:24:17,1584,-18748,-6671
13:24:18,1510,-18742,-6653
13:24:18,1510,-18742,-6653
13:24:18,1510,-18742,-6653
13:24:18,1510,-18742,-6653
13:24:18,1437,-18740,-6645
13:24:18,1437,-18740,-6645
13:24:18,1437,-18740,-6645
13:24:18,1437,-18740,-6645
13:24:18,1490,-18735,-6635
13:24:18,1490,-18735,-6635
13:24:18,1490,-18735,-6635
13:24:18,1490,-18735,-6635
13:24:18,1297,-18741,-6627
13:24:18,1297,-18741,-6627
13:24:18,1297,-18741,-6627
13:24:18,1297,-18741,-6627
13:24:18,1302,-18730,-6630
13:24:18,1302,-18730,-6630
13:24:18,1302,-18730,-6630
13:24:18,1302,-18730,-6630
13:24:18,1194,-18726,-6625
13:24:18,1194,-18726,-6625
13:24:18,1194,-18726,-6625
13:24:18,1194,-18726,-6625
13:24:18,1077,-18726,-6613
13:24:18,1077,-18726,-6613
13:24:18,1077,-18726,-6613
13:24:18,1077,-18726,-6613
13:24:18,1059,-18729,-6615
13:24:18,1059,-18729,-6615
13:24:18,1059,-18729,-6615
13:24:18,1059,-18729,-6615
13:24:18,1125,-18724,-6598
13:24:18,1125,-18724,-6598
13:24:18,1125,-18724,-6598
13:24:18,1125,-18724,-6598
13:24:18,835,-18730,-6597
13:24:18,835,-18730,-6597
13:24:18,835,-18730,-6597
13:24:18,835,-18730,-6597
13:24:18,808,-18723,-6585
13:24:18,808,-18723,-6585
13:24:18,808,-18723,-6585
13:24:18,808,-18723,-6585
13:24:18,729,-18725,-6587
13:24:18,729,-18725,-6587
13:24:18,729,-18725,-6587
13:24:18,729,-18725,-6587
13:24:18,733,-18722,-6590
13:24:18,733,-18722,-6590
13:24:18,733,-18722,-6590
13:24:18,733,-18722,-6590
13:24:18,664,-18720,-6587
13:24:18,664,-18720,-6587
13:24:18,664,-18720,-6587
13:24:18,664,-18720,-6587
13:24:18,412,-18715,-6585
13:24:18,412,-18715,-6585
13:24:18,412,-18715,-6585
13:24:18,412,-18715,-6585
13:24:18,401,-18730,-6588
13:24:18,401,-18730,-6588
13:24:18,401,-18730,-6588
13:24:18,401,-18730,-6588
13:24:18,440,-18721,-6599
13:24:18,440,-18721,-6599
13:24:18,440,-18721,-6599
13:24:18,440,-18721,-6599
13:24:18,264,-18734,-6593
13:24:18,264,-18734,-6593
13:24:18,264,-18734,-6593
13:24:18,264,-18734,-6593
13:24:18,217,-18737,-6592
13:24:18,217,-18737,-6592
13:24:18,217,-18737,-6592
13:24:18,217,-18737,-6592
13:24:18,139,-18719,-6593
13:24:18,139,-18719,-6593
13:24:18,139,-18719,-6593
13:24:18,139,-18719,-6593
13:24:18,-46,-18722,-6600
13:24:18,-46,-18722,-6600
13:24:18,-46,-18722,-6600
13:24:18,-46,-18722,-6600
13:24:18,-26,-18728,-6601
13:24:18,-26,-18728,-6601
13:24:18,-26,-18728,-6601
13:24:18,-26,-18728,-6601
13:24:18,-233,-18745,-6617
13:24:18,-233,-18745,-6617
13:24:18,-233,-18745,-6617
13:24:18,-233,-18745,-6617
13:24:18,-237,-18742,-6629
13:24:18,-237,-18742,-6629
13:24:18,-237,-18742,-6629
13:24:18,-237,-18742,-6629
13:24:18,-211,-18740,-6649
13:24:18,-211,-18740,-6649
13:24:18,-211,-18740,-6649
13:24:18,-211,-18740,-6649
13:24:18,-411,-18737,-6640
13:24:18,-411,-18737,-6640
13:24:18,-411,-18737,-6640
13:24:18,-411,-18737,-6640
13:24:18,-557,-18725,-6641
13:24:18,-557,-18725,-6641
13:24:18,-557,-18725,-6641
13:24:18,-557,-18725,-6641
13:24:18,-495,-18738,-6625
13:24:18,-495,-18738,-6625
13:24:18,-495,-18738,-6625
13:24:18,-495,-18738,-6625
13:24:18,-619,-18722,-6607
13:24:18,-619,-18722,-6607
13:24:18,-619,-18722,-6607
13:24:18,-619,-18722,-6607
13:24:18,-692,-18727,-6607
13:24:18,-692,-18727,-6607
13:24:18,-692,-18727,-6607
13:24:18,-692,-18727,-6607
13:24:18,-714,-18715,-6592
13:24:18,-714,-18715,-6592
13:24:18,-714,-18715,-6592
13:24:18,-714,-18715,-6592
13:24:18,-744,-18716,-6597
13:24:18,-744,-18716,-6597
13:24:18,-744,-18716,-6597
13:24:18,-744,-18716,-6597
13:24:18,-893,-18723,-6595
13:24:18,-893,-18723,-6595
13:24:18,-893,-18723,-6595
13:24:18,-893,-18723,-6595
13:24:18,-946,-18734,-6607
13:24:18,-946,-18734,-6607
13:24:18,-946,-18734,-6607
13:24:18,-946,-18734,-6607
13:24:18,-1039,-18723,-6596
13:24:18,-1039,-18723,-6596
13:24:18,-1039,-18723,-6596
13:24:18,-1039,-18723,-6596
13:24:18,-1091,-18721,-6587
13:24:18,-1091,-18721,-6587
13:24:18,-1091,-18721,-6587
13:24:18,-1091,-18721,-6587
13:24:18,-1130,-18724,-6582
13:24:18,-1130,-18724,-6582
13:24:18,-1130,-18724,-6582
13:24:18,-1130,-18724,-6582
13:24:18,-1148,-18727,-6586
13:24:18,-1148,-18727,-6586
13:24:18,-1148,-18727,-6586
13:24:18,-1148,-18727,-6586
13:24:18,-1285,-18730,-6593
13:24:18,-1285,-18730,-6593
13:24:18,-1285,-18730,-6593
13:24:18,-1285,-18730,-6593
13:24:18,-1341,-18728,-6588
13:24:18,-1341,-18728,-6588
13:24:18,-1341,-18728,-6588
13:24:18,-1341,-18728,-6588
13:24:18,-1378,-18727,-6590
13:24:18,-1378,-18727,-6590
13:24:18,-1378,-18727,-6590
13:24:18,-1378,-18727,-6590
13:24:18,-1425,-18719,-6576
13:24:18,-1425,-18719,-6576
13:24:18,-1425,-18719,-6576
13:24:18,-1425,-18719,-6576
13:24:18,-1444,-18724,-6586
13:24:18,-1444,-18724,-6586
13:24:18,-1444,-18724,-6586
13:24:18,-1444,-18724,-6586
13:24:18,-1558,-18737,-6610
13:24:18,-1558,-18737,-6610
13:24:18,-1558,-18737,-6610
13:24:18,-1558,-18737,-6610
13:24:18,-1460,-18732,-6595
13:24:18,-1460,-18732,-6595
13:24:18,-1460,-18732,-6595
13:24:18,-1460,-18732,-6595
13:24:18,-1714,-18735,-6592
13:24:18,-1714,-18735,-6592
13:24:18,-1714,-18735,-6592
13:24:18,-1714,-18735,-6592
13:24:18,-1705,-18744,-6598
13:24:18,-1705,-18744,-6598
13:24:18,-1705,-18744,-6598
13:24:18,-1705,-18744,-6598
13:24:18,-1712,-18737,-6604
13:24:18,-1712,-18737,-6604
13:24:18,-1712,-18737,-6604
13:24:18,-1712,-18737,-6604
13:24:18,-1777,-18744,-6592
13:24:18,-1777,-18744,-6592
13:24:18,-1777,-18744,-6592
13:24:18,-1777,-18744,-6592
13:24:18,-1820,-18742,-6598
13:24:18,-1820,-18742,-6598
13:24:18,-1820,-18742,-6598
13:24:19,-1820,-18742,-6598
13:24:19,-1814,-18743,-6599
13:24:19,-1814,-18743,-6599
13:24:19,-1814,-18743,-6599
13:24:19,-1814,-18743,-6599
13:24:19,-1788,-18757,-6598
13:24:19,-1788,-18757,-6598
13:24:19,-1788,-18757,-6598
13:24:19,-1788,-18757,-6598
13:24:19,-1841,-18754,-6601
13:24:19,-1841,-18754,-6601
13:24:19,-1841,-18754,-6601
13:24:19,-1841,-18754,-6601
13:24:19,-1892,-18762,-6608
13:24:19,-1892,-18762,-6608
13:24:19,-1892,-18762,-6608
13:24:19,-1892,-18762,-6608
13:24:19,-1920,-18761,-6606
13:24:19,-1920,-18761,-6606
13:24:19,-1920,-18761,-6606
13:24:19,-1920,-18761,-6606
13:24:19,-1719,-18744,-6582
13:24:19,-1719,-18744,-6582
13:24:19,-1719,-18744,-6582
13:24:19,-1719,-18744,-6582
13:24:19,-1873,-18731,-6583
13:24:19,-1873,-18731,-6583
13:24:19,-1873,-18731,-6583
13:24:19,-1873,-18731,-6583
13:24:19,-2047,-18745,-6589
13:24:19,-2047,-18745,-6589
13:24:19,-2047,-18745,-6589
13:24:19,-2047,-18745,-6589
13:24:19,-1959,-18740,-6591
13:24:19,-1959,-18740,-6591
13:24:19,-1959,-18740,-6591
13:24:19,-1959,-18740,-6591
13:24:19,-1927,-18744,-6619
13:24:19,-1927,-18744,-6619
13:24:19,-1927,-18744,-6619
13:24:19,-1927,-18744,-6619
13:24:19,-2023,-18761,-6628
13:24:19,-2023,-18761,-6628
13:24:19,-2023,-18761,-6628
13:24:19,-2023,-18761,-6628
13:24:19,-1950,-18750,-6614
13:24:19,-1950,-18750,-6614
13:24:19,-1950,-18750,-6614
13:24:19,-1950,-18750,-6614
13:24:19,-1994,-18767,-6626
13:24:19,-1994,-18767,-6626
13:24:19,-1994,-18767,-6626
13:24:19,-1994,-18767,-6626
13:24:19,-2113,-18756,-6646
13:24:19,-2113,-18756,-6646
13:24:19,-2113,-18756,-6646
13:24:19,-2113,-18756,-6646
13:24:19,-2058,-18759,-6659
13:24:19,-2058,-18759,-6659
13:24:19,-2058,-18759,-6659
13:24:19,-2058,-18759,-6659
13:24:19,-1960,-18762,-6647
13:24:19,-1960,-18762,-6647
13:24:19,-1960,-18762,-6647
13:24:19,-1960,-18762,-6647
13:24:19,-2053,-18759,-6645
13:24:19,-2053,-18759,-6645
13:24:19,-2053,-18759,-6645
13:24:19,-2053,-18759,-6645
13:24:19,-2117,-18757,-6644
13:24:19,-2117,-18757,-6644
13:24:19,-2117,-18757,-6644
13:24:19,-2117,-18757,-6644
13:24:19,-2078,-18759,-6641
13:24:19,-2078,-18759,-6641
13:24:19,-2078,-18759,-6641
13:24:19,-2078,-18759,-6641
13:24:19,-1901,-18760,-6636
13:24:19,-1901,-18760,-6636
13:24:19,-1901,-18760,-6636
13:24:19,-1901,-18760,-6636
13:24:19,-1898,-18763,-6631
13:24:19,-1898,-18763,-6631
13:24:19,-1898,-18763,-6631
13:24:19,-1898,-18763,-6631
13:24:19,-1985,-18766,-6611
13:24:19,-1985,-18766,-6611
13:24:19,-1985,-18766,-6611
13:24:19,-1985,-18766,-6611
13:24:19,-2162,-18752,-6615
13:24:19,-2162,-18752,-6615
13:24:19,-2162,-18752,-6615
13:24:19,-2162,-18752,-6615
13:24:19,-1947,-18760,-6615
13:24:19,-1947,-18760,-6615
13:24:19,-1947,-18760,-6615
13:24:19,-1947,-18760,-6615
13:24:19,-1834,-18743,-6600
13:24:19,-1834,-18743,-6600
13:24:19,-1834,-18743,-6600
13:24:19,-1834,-18743,-6600
13:24:19,-2006,-18742,-6594
13:24:19,-2006,-18742,-6594
13:24:19,-2006,-18742,-6594
13:24:19,-2006,-18742,-6594
13:24:19,-1959,-18740,-6600
13:24:19,-1959,-18740,-6600
13:24:19,-1959,-18740,-6600
13:24:19,-1959,-18740,-6600
13:24:19,-1896,-18752,-6606
13:24:19,-1896,-18752,-6606
13:24:19,-1896,-18752,-6606
13:24:19,-1896,-18752,-6606
13:24:19,-1940,-18747,-6601
13:24:19,-1940,-18747,-6601
13:24:19,-1940,-18747,-6601
13:24:19,-1940,-18747,-6601
13:24:19,-1987,-18746,-6585
13:24:19,-1987,-18746,-6585
13:24:19,-1987,-18746,-6585
13:24:19,-1987,-18746,-6585
13:24:19,-1982,-18741,-6578
13:24:19,-1982,-18741,-6578
13:24:19,-1982,-18741,-6578
13:24:19,-1982,-18741,-6578
13:24:19,-1920,-18744,-6584
13:24:19,-1920,-18744,-6584
13:24:19,-1920,-18744,-6584
13:24:19,-1920,-18744,-6584
13:24:19,-1885,-18731,-6570
13:24:19,-1885,-18731,-6570
13:24:19,-1885,-18731,-6570
13:24:19,-1885,-18731,-6570
13:24:19,-1915,-18740,-6579
13:24:19,-1915,-18740,-6579
13:24:19,-1915,-18740,-6579
13:24:19,-1915,-18740,-6579
13:24:19,-1937,-18745,-6585
13:24:19,-1937,-18745,-6585
13:24:19,-1937,-18745,-6585
13:24:19,-1937,-18745,-6585
13:24:19,-1847,-18749,-6591
13:24:19,-1847,-18749,-6591
13:24:19,-1847,-18749,-6591
13:24:19,-1847,-18749,-6591
13:24:19,-1807,-18758,-6588
13:24:19,-1807,-18758,-6588
13:24:19,-1807,-18758,-6588
13:24:19,-1807,-18758,-6588
13:24:19,-1826,-18755,-6592
13:24:19,-1826,-18755,-6592
13:24:19,-1826,-18755,-6592
13:24:19,-1826,-18755,-6592
13:24:19,-1812,-18746,-6574
13:24:19,-1812,-18746,-6574
13:24:19,-1812,-18746,-6574
13:24:19,-1812,-18746,-6574
13:24:19,-1786,-18746,-6575
13:24:19,-1786,-18746,-6575
13:24:19,-1786,-18746,-6575
13:24:19,-1786,-18746,-6575
13:24:19,-1716,-18740,-6570
13:24:19,-1716,-18740,-6570
13:24:19,-1716,-18740,-6570
13:24:19,-1716,-18740,-6570
13:24:19,-1713,-18738,-6577
13:24:19,-1713,-18738,-6577
13:24:19,-1713,-18738,-6577
13:24:19,-1713,-18738,-6577
13:24:19,-1677,-18741,-6570
13:24:19,-1677,-18741,-6570
13:24:19,-1677,-18741,-6570
13:24:19,-1677,-18741,-6570
13:24:19,-1709,-18736,-6557
13:24:19,-1709,-18736,-6557
13:24:19,-1709,-18736,-6557
13:24:19,-1709,-18736,-6557
13:24:19,-1786,-18733,-6557
13:24:19,-1786,-18733,-6557
13:24:19,-1786,-18733,-6557
13:24:19,-1786,-18733,-6557
13:24:19,-1590,-18741,-6565
13:24:19,-1590,-18741,-6565
13:24:19,-1590,-18741,-6565
13:24:19,-1590,-18741,-6565
13:24:19,-1603,-18742,-6566
13:24:19,-1603,-18742,-6566
13:24:19,-1603,-18742,-6566
13:24:19,-1603,-18742,-6566
13:24:19,-1647,-18754,-6565
13:24:19,-1647,-18754,-6565
13:24:19,-1647,-18754,-6565
13:24:19,-1647,-18754,-6565
13:24:19,-1626,-18749,-6576
13:24:19,-1626,-18749,-6576
13:24:19,-1626,-18749,-6576
13:24:19,-1626,-18749,-6576
13:24:19,-1513,-18753,-6572
13:24:19,-1513,-18753,-6572
13:24:19,-1513,-18753,-6572
13:24:20,-1513,-18753,-6572
13:24:20,-1507,-18754,-6571
13:24:20,-1507,-18754,-6571
13:24:20,-1507,-18754,-6571
13:24:20,-1507,-18754,-6571
13:24:20,-1516,-18752,-6597
13:24:20,-1516,-18752,-6597
13:24:20,-1516,-18752,-6597
13:24:20,-1516,-18752,-6597
13:24:20,-1541,-18763,-6631
13:24:20,-1541,-18763,-6631
13:24:20,-1541,-18763,-6631
13:24:20,-1541,-18763,-6631
13:24:20,-1498,-18765,-6610
13:24:20,-1498,-18765,-6610
13:24:20,-1498,-18765,-6610
13:24:20,-1498,-18765,-6610
13:24:20,-1462,-18757,-6624
13:24:20,-1462,-18757,-6624
13:24:20,-1462,-18757,-6624
13:24:20,-1462,-18757,-6624
13:24:20,-1320,-18769,-6609
13:24:20,-1320,-18769,-6609
13:24:20,-1320,-18769,-6609
13:24:20,-1320,-18769,-6609
13:24:20,-1399,-18760,-6605
13:24:20,-1399,-18760,-6605
13:24:20,-1399,-18760,-6605
13:24:20,-1399,-18760,-6605
13:24:20,-1381,-18768,-6597
13:24:20,-1381,-18768,-6597
13:24:20,-1381,-18768,-6597
13:24:20,-1381,-18768,-6597
13:24:20,-1393,-18759,-6602
13:24:20,-1393,-18759,-6602
13:24:20,-1393,-18759,-6602
13:24:20,-1393,-18759,-6602
13:24:20,-1292,-18763,-6589
13:24:20,-1292,-18763,-6589
13:24:20,-1292,-18763,-6589
13:24:20,-1292,-18763,-6589
13:24:20,-1246,-18748,-6581
13:24:20,-1246,-18748,-6581
13:24:20,-1246,-18748,-6581
13:24:20,-1246,-18748,-6581
13:24:20,-1270,-18745,-6589
13:24:20,-1270,-18745,-6589
13:24:20,-1270,-18745,-6589
13:24:20,-1270,-18745,-6589
13:24:20,-1237,-18745,-6557
13:24:20,-1237,-18745,-6557
13:24:20,-1237,-18745,-6557
13:24:20,-1237,-18745,-6557
13:24:20,-1161,-18742,-6553
13:24:20,-1161,-18742,-6553
13:24:20,-1161,-18742,-6553
13:24:20,-1161,-18742,-6553
13:24:20,-1087,-18739,-6547
13:24:20,-1087,-18739,-6547
13:24:20,-1087,-18739,-6547
13:24:20,-1087,-18739,-6547
13:24:20,-1017,-18737,-6556
13:24:20,-1017,-18737,-6556
13:24:20,-1017,-18737,-6556
13:24:20,-1017,-18737,-6556
13:24:20,-1072,-18740,-6552
13:24:20,-1072,-18740,-6552
13:24:20,-1072,-18740,-6552
13:24:20,-1072,-18740,-6552
13:24:20,-933,-18726,-6531
13:24:20,-933,-18726,-6531
13:24:20,-933,-18726,-6531
13:24:20,-933,-18726,-6531
13:24:20,-935,-18734,-6526
13:24:20,-935,-18734,-6526
13:24:20,-935,-18734,-6526
13:24:20,-935,-18734,-6526
13:24:20,-918,-18723,-6518
13:24:20,-918,-18723,-6518
13:24:20,-918,-18723,-6518
13:24:20,-918,-18723,-6518
13:24:20,-854,-18721,-6503
13:24:20,-854,-18721,-6503
13:24:20,-854,-18721,-6503
13:24:20,-854,-18721,-6503
13:24:20,-863,-18735,-6512
13:24:20,-863,-18735,-6512
13:24:20,-863,-18735,-6512
13:24:20,-863,-18735,-6512
13:24:20,-784,-18726,-6513
13:24:20,-784,-18726,-6513
13:24:20,-784,-18726,-6513
13:24:20,-784,-18726,-6513
13:24:20,-731,-18724,-6518
13:24:20,-731,-18724,-6518
13:24:20,-731,-18724,-6518
13:24:20,-731,-18724,-6518
13:24:20,-735,-18723,-6511
13:24:20,-735,-18723,-6511
13:24:20,-735,-18723,-6511
13:24:20,-735,-18723,-6511
13:24:20,-633,-18728,-6513
13:24:20,-633,-18728,-6513
13:24:20,-633,-18728,-6513
13:24:20,-633,-18728,-6513
13:24:20,-563,-18731,-6517
13:24:20,-563,-18731,-6517
13:24:20,-563,-18731,-6517
13:24:20,-563,-18731,-6517
13:24:20,-487,-18744,-6520
13:24:20,-487,-18744,-6520
13:24:20,-487,-18744,-6520
13:24:20,-487,-18744,-6520
13:24:20,-397,-18734,-6518
13:24:20,-397,-18734,-6518
13:24:20,-397,-18734,-6518
13:24:20,-397,-18734,-6518
13:24:20,-347,-18730,-6520
13:24:20,-347,-18730,-6520
13:24:20,-347,-18730,-6520
13:24:20,-347,-18730,-6520
13:24:20,-308,-18729,-6522
13:24:20,-308,-18729,-6522
13:24:20,-308,-18729,-6522
13:24:20,-308,-18729,-6522
13:24:20,-248,-18719,-6513
13:24:20,-248,-18719,-6513
13:24:20,-248,-18719,-6513
13:24:20,-248,-18719,-6513
13:24:20,-151,-18724,-6508
13:24:20,-151,-18724,-6508
13:24:20,-151,-18724,-6508
13:24:20,-151,-18724,-6508
13:24:20,-25,-18737,-6521
13:24:20,-25,-18737,-6521
13:24:20,-25,-18737,-6521
13:24:20,-25,-18737,-6521
13:24:20,15,-18732,-6515
13:24:20,15,-18732,-6515
13:24:20,15,-18732,-6515
13:24:20,15,-18732,-6515
13:24:20,-31,-18724,-6512
13:24:20,-31,-18724,-6512
13:24:20,-31,-18724,-6512
13:24:20,-31,-18724,-6512
13:24:20,122,-18730,-6527
13:24:20,122,-18730,-6527
13:24:20,122,-18730,-6527
13:24:20,122,-18730,-6527
13:24:20,190,-18733,-6540
13:24:20,190,-18733,-6540
13:24:20,190,-18733,-6540
13:24:20,190,-18733,-6540
13:24:20,249,-18735,-6567
13:24:20,249,-18735,-6567
13:24:20,249,-18735,-6567
13:24:20,249,-18735,-6567
13:24:20,329,-18736,-6551
13:24:20,329,-18736,-6551
13:24:20,329,-18736,-6551
13:24:20,329,-18736,-6551
13:24:20,355,-18730,-6547
13:24:20,355,-18730,-6547
13:24:20,355,-18730,-6547
13:24:20,355,-18730,-6547
13:24:20,432,-18740,-6543
13:24:20,432,-18740,-6543
13:24:20,432,-18740,-6543
13:24:20,432,-18740,-6543
13:24:20,563,-18742,-6540
13:24:20,563,-18742,-6540
13:24:20,563,-18742,-6540
13:24:20,563,-18742,-6540
13:24:20,563,-18744,-6532
13:24:20,563,-18744,-6532
13:24:20,563,-18744,-6532
13:24:20,563,-18744,-6532
13:24:20,593,-18735,-6528
13:24:20,593,-18735,-6528
13:24:20,593,-18735,-6528
13:24:20,593,-18735,-6528
13:24:20,745,-18730,-6517
13:24:20,745,-18730,-6517
13:24:20,745,-18730,-6517
13:24:20,745,-18730,-6517
13:24:20,781,-18730,-6498
13:24:20,781,-18730,-6498
13:24:20,781,-18730,-6498
13:24:20,781,-18730,-6498
13:24:20,901,-18723,-6512
13:24:20,901,-18723,-6512
13:24:20,901,-18723,-6512
13:24:20,901,-18723,-6512
13:24:20,987,-18721,-6489
13:24:20,987,-18721,-6489
13:24:20,987,-18721,-6489
13:24:20,987,-18721,-6489
13:24:20,1067,-18725,-6501
13:24:20,1067,-18725,-6501
13:24:21,1067,-18725,-6501
13:24:21,1067,-18725,-6501
13:24:21,1083,-18723,-6507
13:24:21,1083,-18723,-6507
13:24:21,1083,-18723,-6507
13:24:21,1083,-18723,-6507
13:24:21,1101,-18717,-6484
13:24:21,1101,-18717,-6484
13:24:21,1101,-18717,-6484
13:24:21,1101,-18717,-6484
13:24:21,1216,-18709,-6483
13:24:21,1216,-18709,-6483
13:24:21,1216,-18709,-6483
13:24:21,1216,-18709,-6483
13:24:21,1371,-18707,-6473
13:24:21,1371,-18707,-6473
13:24:21,1371,-18707,-6473
13:24:21,1371,-18707,-6473
13:24:21,1355,-18713,-6478
13:24:21,1355,-18713,-6478
13:24:21,1355,-18713,-6478
13:24:21,1355,-18713,-6478
13:24:21,1452,-18724,-6498
13:24:21,1452,-18724,-6498
13:24:21,1452,-18724,-6498
13:24:21,1452,-18724,-6498
13:24:21,1479,-18720,-6487
13:24:21,1479,-18720,-6487
13:24:21,1479,-18720,-6487
13:24:21,1479,-18720,-6487
13:24:21,1664,-18717,-6484
13:24:21,1664,-18717,-6484
13:24:21,1664,-18717,-6484
13:24:21,1664,-18717,-6484
13:24:21,1694,-18716,-6484
13:24:21,1694,-18716,-6484
13:24:21,1694,-18716,-6484
13:24:21,1694,-18716,-6484
13:24:21,1731,-18719,-6481
13:24:21,1731,-18719,-6481
13:24:21,1731,-18719,-6481
13:24:21,1731,-18719,-6481
13:24:21,1757,-18732,-6472
13:24:21,1757,-18732,-6472
13:24:21,1757,-18732,-6472
13:24:21,1757,-18732,-6472
13:24:21,1811,-18723,-6487
13:24:21,1811,-18723,-6487
13:24:21,1811,-18723,-6487
13:24:21,1811,-18723,-6487
13:24:21,1821,-18728,-6486
13:24:21,1821,-18728,-6486
13:24:21,1821,-18728,-6486
13:24:21,1821,-18728,-6486
13:24:21,2012,-18727,-6478
13:24:21,2012,-18727,-6478
13:24:21,2012,-18727,-6478
13:24:21,2012,-18727,-6478
13:24:21,2101,-18729,-6487
13:24:21,2101,-18729,-6487
13:24:21,2101,-18729,-6487
13:24:21,2101,-18729,-6487
13:24:21,2070,-18714,-6473
13:24:21,2070,-18714,-6473
13:24:21,2070,-18714,-6473
13:24:21,2070,-18714,-6473
13:24:21,2098,-18713,-6476
13:24:21,2098,-18713,-6476
13:24:21,2098,-18713,-6476
13:24:21,2098,-18713,-6476
13:24:21,2103,-18725,-6495
13:24:21,2103,-18725,-6495
13:24:21,2103,-18725,-6495
13:24:21,2103,-18725,-6495
13:24:21,2090,-18722,-6487
13:24:21,2090,-18722,-6487
13:24:21,2090,-18722,-6487
13:24:21,2090,-18722,-6487
13:24:21,2141,-18735,-6502
13:24:21,2141,-18735,-6502
13:24:21,2141,-18735,-6502
13:24:21,2141,-18735,-6502
13:24:21,2269,-18729,-6508
13:24:21,2269,-18729,-6508
13:24:21,2269,-18729,-6508
13:24:21,2269,-18729,-6508
13:24:21,2207,-18740,-6525
13:24:21,2207,-18740,-6525
13:24:21,2207,-18740,-6525
13:24:21,2207,-18740,-6525
13:24:21,2296,-18749,-6537
13:24:21,2296,-18749,-6537
13:24:21,2296,-18749,-6537
13:24:21,2296,-18749,-6537
13:24:21,2290,-18749,-6551
13:24:21,2290,-18749,-6551
13:24:21,2290,-18749,-6551
13:24:21,2290,-18749,-6551
13:24:21,2283,-18742,-6532
13:24:21,2283,-18742,-6532
13:24:21,2283,-18742,-6532
13:24:21,2283,-18742,-6532
13:24:21,2331,-18737,-6515
13:24:21,2331,-18737,-6515
13:24:21,2331,-18737,-6515
13:24:21,2331,-18737,-6515
13:24:21,2399,-18742,-6513
13:24:21,2399,-18742,-6513
13:24:21,2399,-18742,-6513
13:24:21,2399,-18742,-6513
13:24:21,2310,-18730,-6514
13:24:21,2310,-18730,-6514
13:24:21,2310,-18730,-6514
13:24:21,2310,-18730,-6514
13:24:21,2312,-18723,-6493
13:24:21,2312,-18723,-6493
13:24:21,2312,-18723,-6493
13:24:21,2312,-18723,-6493
13:24:21,2331,-18721,-6497
13:24:21,2331,-18721,-6497
13:24:21,2331,-18721,-6497
13:24:21,2331,-18721,-6497
13:24:21,2371,-18727,-6495
13:24:21,2371,-18727,-6495
13:24:21,2371,-18727,-6495
13:24:21,2371,-18727,-6495
13:24:21,2311,-18735,-6510
13:24:21,2311,-18735,-6510
13:24:21,2311,-18735,-6510
13:24:21,2311,-18735,-6510
13:24:21,2415,-18739,-6515
13:24:21,2415,-18739,-6515
13:24:21,2415,-18739,-6515
13:24:21,2415,-18739,-6515
13:24:21,2347,-18749,-6512
13:24:21,2347,-18749,-6512
13:24:21,2347,-18749,-6512
13:24:21,2347,-18749,-6512
13:24:21,2278,-18732,-6515
13:24:21,2278,-18732,-6515
13:24:21,2278,-18732,-6515
13:24:21,2278,-18732,-6515
13:24:21,2266,-18742,-6511
13:24:21,2266,-18742,-6511
13:24:21,2266,-18742,-6511
13:24:21,2266,-18742,-6511
13:24:21,2261,-18742,-6502
13:24:21,2261,-18742,-6502
13:24:21,2261,-18742,-6502
13:24:21,2261,-18742,-6502
13:24:21,2229,-18737,-6503
13:24:21,2229,-18737,-6503
13:24:21,2229,-18737,-6503
13:24:21,2229,-18737,-6503
13:24:21,2203,-18723,-6483
13:24:21,2203,-18723,-6483
13:24:21,2203,-18723,-6483
13:24:21,2203,-18723,-6483
13:24:21,2186,-18735,-6490
13:24:21,2186,-18735,-6490
13:24:21,2186,-18735,-6490
13:24:21,2186,-18735,-6490
13:24:21,2206,-18734,-6497
13:24:21,2206,-18734,-6497
13:24:21,2206,-18734,-6497
13:24:21,2206,-18734,-6497
13:24:21,2023,-18733,-6495
13:24:21,2023,-18733,-6495
13:24:21,2023,-18733,-6495
13:24:21,2023,-18733,-6495
13:24:21,2080,-18743,-6477
13:24:21,2080,-18743,-6477
13:24:21,2080,-18743,-6477
13:24:21,2080,-18743,-6477
13:24:21,2034,-18733,-6476
13:24:21,2034,-18733,-6476
13:24:21,2034,-18733,-6476
13:24:21,2034,-18733,-6476
13:24:21,1931,-18732,-6479
13:24:21,1931,-18732,-6479
13:24:21,1931,-18732,-6479
13:24:21,1931,-18732,-6479
13:24:21,1843,-18735,-6489
13:24:21,1843,-18735,-6489
13:24:21,1843,-18735,-6489
13:24:21,1843,-18735,-6489
13:24:21,1711,-18735,-6497
13:24:21,1711,-18735,-6497
13:24:21,1711,-18735,-6497
13:24:21,1711,-18735,-6497
13:24:21,1734,-18751,-6498
13:24:21,1734,-18751,-6498
13:24:21,1734,-18751,-6498
13:24:21,1734,-18751,-6498
13:24:21,1778,-18743,-6494
13:24:21,1778,-18743,-6494
13:24:21,1778,-18743,-6494
13:24:21,1778,-18743,-6494
13:24:21,1678,-18735,-6492
13:24:22,1678,-18735,-6492
13:24:22,1678,-18735,-6492
13:24:22,1678,-18735,-6492
13:24:22,1608,-18736,-6482
13:24:22,1608,-18736,-6482
13:24:22,1608,-18736,-6482
13:24:22,1608,-18736,-6482
13:24:22,1495,-18737,-6487
13:24:22,1495,-18737,-6487
13:24:22,1495,-18737,-6487
13:24:22,1495,-18737,-6487
13:24:22,1384,-18744,-6482
13:24:22,1384,-18744,-6482
13:24:22,1384,-18744,-6482
13:24:22,1384,-18744,-6482
13:24:22,1338,-18752,-6505
13:24:22,1338,-18752,-6505
13:24:22,1338,-18752,-6505
13:24:22,1338,-18752,-6505
13:24:22,1251,-18763,-6503
13:24:22,1251,-18763,-6503
13:24:22,1251,-18763,-6503
13:24:22,1251,-18763,-6503
13:24:22,1225,-18776,-6528
13:24:22,1225,-18776,-6528
13:24:22,1225,-18776,-6528
13:24:22,1225,-18776,-6528
13:24:22,1028,-18778,-6536
13:24:22,1028,-18778,-6536
13:24:22,1028,-18778,-6536
13:24:22,1028,-18778,-6536
13:24:22,1053,-18772,-6552
13:24:22,1053,-18772,-6552
13:24:22,1053,-18772,-6552
13:24:22,1053,-18772,-6552
13:24:22,1031,-18778,-6545
13:24:22,1031,-18778,-6545
13:24:22,1031,-18778,-6545
13:24:22,1031,-18778,-6545
13:24:22,941,-18779,-6558
13:24:22,941,-18779,-6558
13:24:22,941,-18779,-6558
13:24:22,941,-18779,-6558
13:24:22,877,-18780,-6550
13:24:22,877,-18780,-6550
13:24:22,877,-18780,-6550
13:24:22,877,-18780,-6550
13:24:22,740,-18789,-6558
13:24:22,740,-18789,-6558
13:24:22,740,-18789,-6558
13:24:22,740,-18789,-6558
13:24:22,621,-18778,-6552
13:24:22,621,-18778,-6552
13:24:22,621,-18778,-6552
13:24:22,621,-18778,-6552
13:24:22,632,-18782,-6539
13:24:22,632,-18782,-6539
13:24:22,632,-18782,-6539
13:24:22,632,-18782,-6539
13:24:22,477,-18778,-6540
13:24:22,477,-18778,-6540
13:24:22,477,-18778,-6540
13:24:22,477,-18778,-6540
13:24:22,350,-18767,-6522
13:24:22,350,-18767,-6522
13:24:22,350,-18767,-6522
13:24:22,350,-18767,-6522
13:24:22,245,-18779,-6522
13:24:22,245,-18779,-6522
13:24:22,245,-18779,-6522
13:24:22,245,-18779,-6522
13:24:22,230,-18778,-6538
13:24:22,230,-18778,-6538
13:24:22,230,-18778,-6538
13:24:22,230,-18778,-6538
13:24:22,123,-18784,-6534
13:24:22,123,-18784,-6534
13:24:22,123,-18784,-6534
13:24:22,123,-18784,-6534
13:24:22,123,-18781,-6526
13:24:22,123,-18781,-6526
13:24:22,123,-18781,-6526
13:24:22,123,-18781,-6526
13:24:22,-9,-18779,-6525
13:24:22,-9,-18779,-6525
13:24:22,-9,-18779,-6525
13:24:22,-9,-18779,-6525
13:24:22,-191,-18768,-6519
13:24:22,-191,-18768,-6519
13:24:22,-191,-18768,-6519
13:24:22,-191,-18768,-6519
13:24:22,-266,-18780,-6516
13:24:22,-266,-18780,-6516
13:24:22,-266,-18780,-6516
13:24:22,-266,-18780,-6516
13:24:22,-221,-18777,-6523
13:24:22,-221,-18777,-6523
13:24:22,-221,-18777,-6523
13:24:22,-221,-18777,-6523
13:24:22,-408,-18779,-6542
13:24:22,-408,-18779,-6542
13:24:22,-408,-18779,-6542
13:24:22,-408,-18779,-6542
13:24:22,-473,-18782,-6518
13:24:22,-473,-18782,-6518
13:24:22,-473,-18782,-6518
13:24:22,-473,-18782,-6518
13:24:22,-501,-18773,-6526
13:24:22,-501,-18773,-6526
13:24:22,-501,-18773,-6526
13:24:22,-501,-18773,-6526
13:24:22,-600,-18771,-6523
13:24:22,-600,-18771,-6523
13:24:22,-600,-18771,-6523
13:24:22,-600,-18771,-6523
13:24:22,-708,-18766,-6496
13:24:22,-708,-18766,-6496
13:24:22,-708,-18766,-6496
13:24:22,-708,-18766,-6496
13:24:22,-751,-18767,-6509
13:24:22,-751,-18767,-6509
13:24:22,-751,-18767,-6509
13:24:22,-751,-18767,-6509
13:24:22,-794,-18769,-6507
13:24:22,-794,-18769,-6507
13:24:22,-794,-18769,-6507
13:24:22,-794,-18769,-6507
13:24:22,-786,-18773,-6521
13:24:22,-786,-18773,-6521
13:24:22,-786,-18773,-6521
13:24:22,-786,-18773,-6521
13:24:22,-946,-18781,-6517
13:24:22,-946,-18781,-6517
13:24:22,-946,-18781,-6517
13:24:22,-946,-18781,-6517
13:24:22,-1032,-18783,-6533
13:24:22,-1032,-18783,-6533
13:24:22,-1032,-18783,-6533
13:24:22,-1032,-18783,-6533
13:24:22,-1053,-18783,-6532
13:24:22,-1053,-18783,-6532
13:24:22,-1053,-18783,-6532
13:24:22,-1053,-18783,-6532
13:24:22,-1095,-18783,-6507
13:24:22,-1095,-18783,-6507
13:24:22,-1095,-18783,-6507
13:24:22,-1095,-18783,-6507
13:24:22,-1164,-18769,-6515
13:24:22,-1164,-18769,-6515
13:24:22,-1164,-18769,-6515
13:24:22,-1164,-18769,-6515
13:24:22,-1220,-18768,-6511
13:24:22,-1220,-18768,-6511
13:24:22,-1220,-18768,-6511
13:24:22,-1220,-18768,-6511
13:24:22,-1249,-18776,-6523
13:24:22,-1249,-18776,-6523
13:24:22,-1249,-18776,-6523
13:24:22,-1249,-18776,-6523
13:24:22,-1288,-18774,-6528
13:24:22,-1288,-18774,-6528
13:24:22,-1288,-18774,-6528
13:24:22,-1288,-18774,-6528
13:24:22,-1462,-18781,-6518
13:24:22,-1462,-18781,-6518
13:24:22,-1462,-18781,-6518
13:24:22,-1462,-18781,-6518
13:24:22,-1468,-18772,-6518
13:24:22,-1468,-18772,-6518
13:24:22,-1468,-18772,-6518
13:24:22,-1468,-18772,-6518
13:24:22,-1540,-18773,-6512
13:24:22,-1540,-18773,-6512
13:24:22,-1540,-18773,-6512
13:24:22,-1540,-18773,-6512
13:24:22,-1507,-18767,-6508
13:24:22,-1507,-18767,-6508
13:24:22,-1507,-18767,-6508
13:24:22,-1507,-18767,-6508
13:24:22,-1494,-18780,-6535
13:24:22,-1494,-18780,-6535
13:24:22,-1494,-18780,-6535
13:24:22,-1494,-18780,-6535
13:24:22,-1643,-18799,-6572
13:24:22,-1643,-18799,-6572
13:24:22,-1643,-18799,-6572
13:24:22,-1643,-18799,-6572
13:24:22,-1643,-18797,-6599
13:24:22,-1643,-18797,-6599
13:24:22,-1643,-18797,-6599
13:24:22,-1643,-18797,-6599
13:24:22,-1675,-18797,-6573
13:24:22,-1675,-18797,-6573
13:24:22,-1675,-18797,-6573
13:24:22,-1675,-18797,-6573
13:24:22,-1753,-18786,-6557
13:24:22,-1753,-18786,-6557
13:24:22,-1753,-18786,-6557
13:24:22,-1753,-18786,-6557
13:24:23,-1776,-18791,-6554
13:24:23,-1776,-18791,-6554
13:24:23,-1776,-18791,-6554
13:24:23,-1776,-18791,-6554
13:24:23,-1782,-18790,-6563
13:24:23,-1782,-18790,-6563
13:24:23,-1782,-18790,-6563
13:24:23,-1782,-18790,-6563
13:24:23,-1841,-18784,-6554
13:24:23,-1841,-18784,-6554
13:24:23,-1841,-18784,-6554
13:24:23,-1841,-18784,-6554
13:24:23,-1805,-18779,-6555
13:24:23,-1805,-18779,-6555
13:24:23,-1805,-18779,-6555
13:24:23,-1805,-18779,-6555
13:24:23,-1898,-18792,-6554
13:24:23,-1898,-18792,-6554
13:24:23,-1898,-18792,-6554
13:24:23,-1898,-18792,-6554
13:24:23,-1906,-18784,-6555
13:24:23,-1906,-18784,-6555
13:24:23,-1906,-18784,-6555
13:24:23,-1906,-18784,-6555
13:24:23,-1826,-18782,-6541
13:24:23,-1826,-18782,-6541
13:24:23,-1826,-18782,-6541
13:24:23,-1826,-18782,-6541
13:24:23,-1858,-18783,-6537
13:24:23,-1858,-18783,-6537
13:24:23,-1858,-18783,-6537
13:24:23,-1858,-18783,-6537
13:24:23,-1914,-18773,-6535
13:24:23,-1914,-18773,-6535
13:24:23,-1914,-18773,-6535
13:24:23,-1914,-18773,-6535
13:24:23,-1938,-18766,-6531
13:24:23,-1938,-18766,-6531
13:24:23,-1938,-18766,-6531
13:24:23,-1938,-18766,-6531
13:24:23,-1956,-18771,-6525
13:24:23,-1956,-18771,-6525
13:24:23,-1956,-18771,-6525
13:24:23,-1956,-18771,-6525
13:24:23,-2005,-18762,-6511
13:24:23,-2005,-18762,-6511
13:24:23,-2005,-18762,-6511
13:24:23,-2005,-18762,-6511
13:24:23,-1849,-18770,-6518
13:24:23,-1849,-18770,-6518
13:24:23,-1849,-18770,-6518
13:24:23,-1849,-18770,-6518
13:24:23,-1906,-18760,-6518
13:24:23,-1906,-18760,-6518
13:24:23,-1906,-18760,-6518
13:24:23,-1906,-18760,-6518
13:24:23,-2010,-18771,-6506
13:24:23,-2010,-18771,-6506
13:24:23,-2010,-18771,-6506
13:24:23,-2010,-18771,-6506
13:24:23,-1983,-18773,-6510
13:24:23,-1983,-18773,-6510
13:24:23,-1983,-18773,-6510
13:24:23,-1983,-18773,-6510
13:24:23,-1989,-18773,-6510
13:24:23,-1989,-18773,-6510
13:24:23,-1989,-18773,-6510
13:24:23,-1989,-18773,-6510
13:24:23,-2030,-18774,-6506
13:24:23,-2030,-18774,-6506
13:24:23,-2030,-18774,-6506
13:24:23,-2030,-18774,-6506
13:24:23,-2056,-18771,-6504
13:24:23,-2056,-18771,-6504
13:24:23,-2056,-18771,-6504
13:24:23,-2056,-18771,-6504
13:24:23,-2040,-18769,-6479
13:24:23,-2040,-18769,-6479
13:24:23,-2040,-18769,-6479
13:24:23,-2040,-18769,-6479
13:24:23,-1957,-18755,-6482
13:24:23,-1957,-18755,-6482
13:24:23,-1957,-18755,-6482
13:24:23,-1957,-18755,-6482
13:24:23,-1974,-18757,-6473
13:24:23,-1974,-18757,-6473
13:24:23,-1974,-18757,-6473
13:24:23,-1974,-18757,-6473
13:24:23,-2022,-18765,-6485
13:24:23,-2022,-18765,-6485
13:24:23,-2022,-18765,-6485
13:24:23,-2022,-18765,-6485
13:24:23,-2026,-18772,-6491
13:24:23,-2026,-18772,-6491
13:24:23,-2026,-18772,-6491
13:24:23,-2026,-18772,-6491
13:24:23,-1983,-18769,-6479
13:24:23,-1983,-18769,-6479
13:24:23,-1983,-18769,-6479
13:24:23,-1983,-18769,-6479
13:24:23,-1922,-18764,-6469
13:24:23,-1922,-18764,-6469
13:24:23,-1922,-18764,-6469
13:24:23,-1922,-18764,-6469
13:24:23,-1916,-18763,-6466
13:24:23,-1916,-18763,-6466
13:24:23,-1916,-18763,-6466
13:24:23,-1916,-18763,-6466
13:24:23,-1938,-18770,-6457
13:24:23,-1938,-18770,-6457
13:24:23,-1938,-18770,-6457
13:24:23,-1938,-18770,-6457
13:24:23,-1921,-18761,-6457
13:24:23,-1921,-18761,-6457
13:24:23,-1921,-18761,-6457
13:24:23,-1921,-18761,-6457
13:24:23,-1905,-18750,-6467
13:24:23,-1905,-18750,-6467
13:24:23,-1905,-18750,-6467
13:24:23,-1905,-18750,-6467
13:24:23,-1858,-18762,-6478
13:24:23,-1858,-18762,-6478
13:24:23,-1858,-18762,-6478
13:24:23,-1858,-18762,-6478
13:24:23,-1954,-18773,-6474
13:24:23,-1954,-18773,-6474
13:24:23,-1954,-18773,-6474
13:24:23,-1954,-18773,-6474
13:24:23,-1935,-18778,-6483
13:24:23,-1935,-18778,-6483
13:24:23,-1935,-18778,-6483
13:24:23,-1935,-18778,-6483
13:24:23,-1899,-18782,-6484
13:24:23,-1899,-18782,-6484
13:24:23,-1899,-18782,-6484
13:24:23,-1899,-18782,-6484
13:24:23,-1869,-18779,-6501
13:24:23,-1869,-18779,-6501
13:24:23,-1869,-18779,-6501
13:24:23,-1869,-18779,-6501
13:24:23,-1858,-18794,-6529
13:24:23,-1858,-18794,-6529
13:24:23,-1858,-18794,-6529
13:24:23,-1858,-18794,-6529
13:24:23,-1865,-18786,-6522
13:24:23,-1865,-18786,-6522
13:24:23,-1865,-18786,-6522
13:24:23,-1865,-18786,-6522
13:24:23,-1719,-18784,-6528
13:24:23,-1719,-18784,-6528
13:24:23,-1719,-18784,-6528
13:24:23,-1719,-18784,-6528
13:24:23,-1739,-18771,-6503
13:24:23,-1739,-18771,-6503
13:24:23,-1739,-18771,-6503
13:24:23,-1739,-18771,-6503
13:24:23,-1797,-18770,-6500
13:24:23,-1797,-18770,-6500
13:24:23,-1797,-18770,-6500
13:24:23,-1797,-18770,-6500
13:24:23,-1833,-18773,-6513
13:24:23,-1833,-18773,-6513
13:24:23,-1833,-18773,-6513
13:24:23,-1833,-18773,-6513
13:24:23,-1678,-18774,-6510
13:24:23,-1678,-18774,-6510
13:24:23,-1678,-18774,-6510
13:24:23,-1678,-18774,-6510
13:24:23,-1707,-18772,-6488
13:24:23,-1707,-18772,-6488
13:24:23,-1707,-18772,-6488
13:24:23,-1707,-18772,-6488
13:24:23,-1711,-18784,-6514
13:24:23,-1711,-18784,-6514
13:24:23,-1711,-18784,-6514
13:24:23,-1711,-18784,-6514
13:24:23,-1696,-18787,-6519
13:24:23,-1696,-18787,-6519
13:24:23,-1696,-18787,-6519
13:24:23,-1696,-18787,-6519
13:24:23,-1577,-18788,-6513
13:24:23,-1577,-18788,-6513
13:24:23,-1577,-18788,-6513
13:24:23,-1577,-18788,-6513
13:24:23,-1641,-18777,-6503
13:24:23,-1641,-18777,-6503
13:24:23,-1641,-18777,-6503
13:24:23,-1641,-18777,-6503
13:24:23,-1681,-18785,-6496
13:24:23,-1681,-18785,-6496
13:24:23,-1681,-18785,-6496
13:24:23,-1681,-18785,-6496
13:24:23,-1625,-18778,-6487
13:24:23,-1625,-18778,-6487
13:24:23,-1625,-18778,-6487
13:24:23,-1625,-18778,-6487
13:24:23,-1595,-18763,-6471
13:24:23,-1595,-18763,-6471
13:24:23,-1595,-18763,-6471
13:24:24,-1595,-18763,-6471
13:24:24,-1554,-18763,-6482
13:24:24,-1554,-18763,-6482
13:24:24,-1554,-18763,-6482
13:24:24,-1554,-18763,-6482
13:24:24,-1547,-18771,-6504
13:24:24,-1547,-18771,-6504
13:24:24,-1547,-18771,-6504
13:24:24,-1547,-18771,-6504
13:24:24,-1542,-18781,-6509
13:24:24,-1542,-18781,-6509
13:24:24,-1542,-18781,-6509
13:24:24,-1542,-18781,-6509
13:24:24,-1362,-18795,-6516
13:24:24,-1362,-18795,-6516
13:24:24,-1362,-18795,-6516
13:24:24,-1362,-18795,-6516
13:24:24,-1537,-18798,-6523
13:24:24,-1537,-18798,-6523
13:24:24,-1537,-18798,-6523
13:24:24,-1537,-18798,-6523
13:24:24,-1537,-18803,-6513
13:24:24,-1537,-18803,-6513
13:24:24,-1537,-18803,-6513
13:24:24,-1537,-18803,-6513
13:24:24,-1413,-18799,-6514
13:24:24,-1413,-18799,-6514
13:24:24,-1413,-18799,-6514
13:24:24,-1413,-18799,-6514
13:24:24,-1336,-18795,-6527
13:24:24,-1336,-18795,-6527
13:24:24,-1336,-18795,-6527
13:24:24,-1336,-18795,-6527
13:24:24,-1398,-18791,-6522
13:24:24,-1398,-18791,-6522
13:24:24,-1398,-18791,-6522
13:24:24,-1398,-18791,-6522
13:24:24,-1345,-18802,-6529
13:24:24,-1345,-18802,-6529
13:24:24,-1345,-18802,-6529
13:24:24,-1345,-18802,-6529
13:24:24,-1257,-18804,-6520
13:24:24,-1257,-18804,-6520
13:24:24,-1257,-18804,-6520
13:24:24,-1257,-18804,-6520
13:24:24,-1305,-18795,-6518
13:24:24,-1305,-18795,-6518
13:24:24,-1305,-18795,-6518
13:24:24,-1305,-18795,-6518
13:24:24,-1283,-18800,-6526
13:24:24,-1283,-18800,-6526
13:24:24,-1283,-18800,-6526
13:24:24,-1283,-18800,-6526
13:24:24,-1192,-18806,-6535
13:24:24,-1192,-18806,-6535
13:24:24,-1192,-18806,-6535
13:24:24,-1192,-18806,-6535
13:24:24,-1151,-18818,-6522
13:24:24,-1151,-18818,-6522
13:24:24,-1151,-18818,-6522
13:24:24,-1151,-18818,-6522
13:24:24,-1095,-18796,-6512
13:24:24,-1095,-18796,-6512
13:24:24,-1095,-18796,-6512
13:24:24,-1095,-18796,-6512
13:24:24,-1036,-18798,-6507
13:24:24,-1036,-18798,-6507
13:24:24,-1036,-18798,-6507
13:24:24,-1036,-18798,-6507
13:24:24,-1075,-18791,-6509
13:24:24,-1075,-18791,-6509
13:24:24,-1075,-18791,-6509
13:24:24,-1075,-18791,-6509
13:24:24,-1070,-18793,-6508
13:24:24,-1070,-18793,-6508
13:24:24,-1070,-18793,-6508
13:24:24,-1070,-18793,-6508
13:24:24,-961,-18806,-6519
13:24:24,-961,-18806,-6519
13:24:24,-961,-18806,-6519
13:24:24,-961,-18806,-6519
13:24:24,-941,-18808,-6527
13:24:24,-941,-18808,-6527
13:24:24,-941,-18808,-6527
13:24:24,-941,-18808,-6527
13:24:24,-843,-18810,-6531
13:24:24,-843,-18810,-6531
13:24:24,-843,-18810,-6531
13:24:24,-843,-18810,-6531
13:24:24,-923,-18803,-6544
13:24:24,-923,-18803,-6544
13:24:24,-923,-18803,-6544
13:24:24,-923,-18803,-6544
13:24:24,-885,-18815,-6566
13:24:24,-885,-18815,-6566
13:24:24,-885,-18815,-6566
13:24:24,-885,-18815,-6566
13:24:24,-744,-18820,-6585
13:24:24,-744,-18820,-6585
13:24:24,-744,-18820,-6585
13:24:24,-744,-18820,-6585
13:24:24,-642,-18825,-6570
13:24:24,-642,-18825,-6570
13:24:24,-642,-18825,-6570
13:24:24,-642,-18825,-6570
13:24:24,-699,-18814,-6558
13:24:24,-699,-18814,-6558
13:24:24,-699,-18814,-6558
13:24:24,-699,-18814,-6558
13:24:24,-598,-18812,-6547
13:24:24,-598,-18812,-6547
13:24:24,-598,-18812,-6547
13:24:24,-598,-18812,-6547
13:24:24,-520,-18805,-6540
13:24:24,-520,-18805,-6540
13:24:24,-520,-18805,-6540
13:24:24,-520,-18805,-6540
13:24:24,-483,-18810,-6537
13:24:24,-483,-18810,-6537
13:24:24,-483,-18810,-6537
13:24:24,-483,-18810,-6537
13:24:24,-407,-18805,-6529
13:24:24,-407,-18805,-6529
13:24:24,-407,-18805,-6529
13:24:24,-407,-18805,-6529
13:24:24,-399,-18790,-6512
13:24:24,-399,-18790,-6512
13:24:24,-399,-18790,-6512
13:24:24,-399,-18790,-6512
13:24:24,-325,-18791,-6517
13:24:24,-325,-18791,-6517
13:24:24,-325,-18791,-6517
13:24:24,-325,-18791,-6517
13:24:24,-291,-18814,-6530
13:24:24,-291,-18814,-6530
13:24:24,-291,-18814,-6530
13:24:24,-291,-18814,-6530
13:24:24,-265,-18812,-6530
13:24:24,-265,-18812,-6530
13:24:24,-265,-18812,-6530
13:24:24,-265,-18812,-6530
13:24:24,-119,-18805,-6508
13:24:24,-119,-18805,-6508
13:24:24,-119,-18805,-6508
13:24:24,-119,-18805,-6508
13:24:24,-48,-18800,-6509
13:24:24,-48,-18800,-6509
13:24:24,-48,-18800,-6509
13:24:24,-48,-18800,-6509
13:24:24,30,-18793,-6516
13:24:24,30,-18793,-6516
13:24:24,30,-18793,-6516
13:24:24,30,-18793,-6516
13:24:24,6,-18800,-6510
13:24:24,6,-18800,-6510
13:24:24,6,-18800,-6510
13:24:24,6,-18800,-6510
13:24:24,75,-18805,-6503
13:24:24,75,-18805,-6503
13:24:24,75,-18805,-6503
13:24:24,75,-18805,-6503
13:24:24,189,-18809,-6505
13:24:24,189,-18809,-6505
13:24:24,189,-18809,-6505
13:24:24,189,-18809,-6505
13:24:24,264,-18800,-6503
13:24:24,264,-18800,-6503
13:24:24,264,-18800,-6503
13:24:24,264,-18800,-6503
13:24:24,325,-18802,-6501
13:24:24,325,-18802,-6501
13:24:24,325,-18802,-6501
13:24:24,325,-18802,-6501
13:24:24,271,-18802,-6492
13:24:24,271,-18802,-6492
13:24:24,271,-18802,-6492
13:24:24,271,-18802,-6492
13:24:24,444,-18804,-6502
13:24:24,444,-18804,-6502
13:24:24,444,-18804,-6502
13:24:24,444,-18804,-6502
13:24:24,560,-18807,-6491
13:24:24,560,-18807,-6491
13:24:24,560,-18807,-6491
13:24:24,560,-18807,-6491
13:24:24,652,-18800,-6502
13:24:24,652,-18800,-6502
13:24:24,652,-18800,-6502
13:24:24,652,-18800,-6502
13:24:24,667,-18808,-6502
13:24:24,667,-18808,-6502
13:24:24,667,-18808,-6502
13:24:24,667,-18808,-6502
13:24:24,753,-18818,-6515
13:24:24,753,-18818,-6515
13:24:24,753,-18818,-6515
13:24:24,753,-18818,-6515
13:24:24,813,-18830,-6520
13:24:24,813,-18830,-6520
13:24:24,813,-18830,-6520
13:24:25,813,-18830,-6520
13:24:25,815,-18815,-6515
13:24:25,815,-18815,-6515
13:24:25,815,-18815,-6515
13:24:25,815,-18815,-6515
13:24:25,999,-18830,-6510
13:24:25,999,-18830,-6510
13:24:25,999,-18830,-6510
13:24:25,999,-18830,-6510
13:24:25,1030,-18828,-6511
13:24:25,1030,-18828,-6511
13:24:25,1030,-18828,-6511
13:24:25,1030,-18828,-6511
13:24:25,994,-18829,-6508
13:24:25,994,-18829,-6508
13:24:25,994,-18829,-6508
13:24:25,994,-18829,-6508
13:24:25,1209,-18830,-6505
13:24:25,1209,-18830,-6505
13:24:25,1209,-18830,-6505
13:24:25,1209,-18830,-6505
13:24:25,1112,-18822,-6511
13:24:25,1112,-18822,-6511
13:24:25,1112,-18822,-6511
13:24:25,1112,-18822,-6511
13:24:25,1187,-18832,-6512
13:24:25,1187,-18832,-6512
13:24:25,1187,-18832,-6512
13:24:25,1187,-18832,-6512
13:24:25,1329,-18831,-6520
13:24:25,1329,-18831,-6520
13:24:25,1329,-18831,-6520
13:24:25,1329,-18831,-6520
13:24:25,1348,-18830,-6517
13:24:25,1348,-18830,-6517
13:24:25,1348,-18830,-6517
13:24:25,1348,-18830,-6517
13:24:25,1463,-18844,-6525
13:24:25,1463,-18844,-6525
13:24:25,1463,-18844,-6525
13:24:25,1463,-18844,-6525
13:24:25,1333,-18851,-6521
13:24:25,1333,-18851,-6521
13:24:25,1333,-18851,-6521
13:24:25,1333,-18851,-6521
13:24:25,1421,-18853,-6529
13:24:25,1421,-18853,-6529
13:24:25,1421,-18853,-6529
13:24:25,1421,-18853,-6529
13:24:25,1602,-18841,-6535
13:24:25,1602,-18841,-6535
13:24:25,1602,-18841,-6535
13:24:25,1602,-18841,-6535
13:24:25,1677,-18844,-6560
13:24:25,1677,-18844,-6560
13:24:25,1677,-18844,-6560
13:24:25,1677,-18844,-6560
13:24:25,1682,-18845,-6575
13:24:25,1682,-18845,-6575
13:24:25,1682,-18845,-6575
13:24:25,1682,-18845,-6575
13:24:25,1742,-18847,-6559
13:24:25,1742,-18847,-6559
13:24:25,1742,-18847,-6559
13:24:25,1742,-18847,-6559
13:24:25,1839,-18836,-6552
13:24:25,1839,-18836,-6552
13:24:25,1839,-18836,-6552
13:24:25,1839,-18836,-6552
13:24:25,1763,-18832,-6533
13:24:25,1763,-18832,-6533
13:24:25,1763,-18832,-6533
13:24:25,1763,-18832,-6533
13:24:25,1936,-18839,-6543
13:24:25,1936,-18839,-6543
13:24:25,1936,-18839,-6543
13:24:25,1936,-18839,-6543
13:24:25,1919,-18842,-6533
13:24:25,1919,-18842,-6533
13:24:25,1919,-18842,-6533
13:24:25,1919,-18842,-6533
13:24:25,2070,-18847,-6544
13:24:25,2070,-18847,-6544
13:24:25,2070,-18847,-6544
13:24:25,2070,-18847,-6544
13:24:25,2011,-18851,-6525
13:24:25,2011,-18851,-6525
13:24:25,2011,-18851,-6525
13:24:25,2011,-18851,-6525
13:24:25,1965,-18854,-6525
13:24:25,1965,-18854,-6525
13:24:25,1965,-18854,-6525
13:24:25,1965,-18854,-6525
13:24:25,2132,-18841,-6534
13:24:25,2132,-18841,-6534
13:24:25,2132,-18841,-6534
13:24:25,2132,-18841,-6534
13:24:25,2168,-18844,-6514
13:24:25,2168,-18844,-6514
13:24:25,2168,-18844,-6514
13:24:25,2168,-18844,-6514
13:24:25,2022,-18833,-6512
13:24:25,2022,-18833,-6512
13:24:25,2022,-18833,-6512
13:24:25,2022,-18833,-6512
13:24:25,2175,-18844,-6510
13:24:25,2175,-18844,-6510
13:24:25,2175,-18844,-6510
13:24:25,2175,-18844,-6510
13:24:25,2139,-18838,-6509
13:24:25,2139,-18838,-6509
13:24:25,2139,-18838,-6509
13:24:25,2139,-18838,-6509
13:24:25,2195,-18832,-6507
13:24:25,2195,-18832,-6507
13:24:25,2195,-18832,-6507
13:24:25,2195,-18832,-6507
13:24:25,2213,-18839,-6492
13:24:25,2213,-18839,-6492
13:24:25,2213,-18839,-6492
13:24:25,2213,-18839,-6492
13:24:25,2306,-18835,-6485
13:24:25,2306,-18835,-6485
13:24:25,2306,-18835,-6485
13:24:25,2306,-18835,-6485
13:24:25,2280,-18835,-6497
13:24:25,2280,-18835,-6497
13:24:25,2280,-18835,-6497
13:24:25,2280,-18835,-6497
13:24:25,2239,-18842,-6503
13:24:25,2239,-18842,-6503
13:24:25,2239,-18842,-6503
13:24:25,2239,-18842,-6503
13:24:25,2380,-18840,-6498
13:24:25,2380,-18840,-6498
13:24:25,2380,-18840,-6498
13:24:25,2380,-18840,-6498
13:24:25,2205,-18838,-6491
13:24:25,2205,-18838,-6491
13:24:25,2205,-18838,-6491
13:24:25,2205,-18838,-6491
13:24:25,2192,-18837,-6497
13:24:25,2192,-18837,-6497
13:24:25,2192,-18837,-6497
13:24:25,2192,-18837,-6497
13:24:25,2170,-18841,-6492
13:24:25,2170,-18841,-6492
13:24:25,2170,-18841,-6492
13:24:25,2170,-18841,-6492
13:24:25,2140,-18830,-6474
13:24:25,2140,-18830,-6474
13:24:25,2140,-18830,-6474
13:24:25,2140,-18830,-6474
13:24:25,2233,-18827,-6461
13:24:25,2233,-18827,-6461
13:24:25,2233,-18827,-6461
13:24:25,2233,-18827,-6461
13:24:25,2083,-18824,-6467
13:24:25,2083,-18824,-6467
13:24:25,2083,-18824,-6467
13:24:25,2083,-18824,-6467
13:24:25,2087,-18839,-6483
13:24:25,2087,-18839,-6483
13:24:25,2087,-18839,-6483
13:24:25,2087,-18839,-6483
13:24:25,2102,-18840,-6482
13:24:25,2102,-18840,-6482
13:24:25,2102,-18840,-6482
13:24:25,2102,-18840,-6482
13:24:25,2104,-18835,-6478
13:24:25,2104,-18835,-6478
13:24:25,2104,-18835,-6478
13:24:25,2104,-18835,-6478
13:24:25,2093,-18826,-6471
13:24:25,2093,-18826,-6471
13:24:25,2093,-18826,-6471
13:24:25,2093,-18826,-6471
13:24:25,2285,-18821,-6457
13:24:25,2285,-18821,-6457
13:24:25,2285,-18821,-6457
13:24:25,2285,-18821,-6457
13:24:25,2029,-18822,-6445
13:24:25,2029,-18822,-6445
13:24:25,2029,-18822,-6445
13:24:25,2029,-18822,-6445
13:24:25,2005,-18817,-6453
13:24:25,2005,-18817,-6453
13:24:25,2005,-18817,-6453
13:24:25,2005,-18817,-6453
13:24:25,2005,-18827,-6473
13:24:25,2005,-18827,-6473
13:24:25,2005,-18827,-6473
13:24:25,2005,-18827,-6473
13:24:25,1844,-18839,-6476
13:24:25,1844,-18839,-6476
13:24:25,1844,-18839,-6476
13:24:25,1844,-18839,-6476
13:24:25,1784,-18843,-6466
13:24:25,1784,-18843,-6466
13:24:26,1784,-18843,-6466
13:24:26,1784,-18843,-6466
13:24:26,1854,-18835,-6477
13:24:26,1854,-18835,-6477
13:24:26,1854,-18835,-6477
13:24:26,1854,-18835,-6477
13:24:26,1678,-18829,-6498
13:24:26,1678,-18829,-6498
13:24:26,1678,-18829,-6498
13:24:26,1678,-18829,-6498
13:24:26,1673,-18832,-6507
13:24:26,1673,-18832,-6507
13:24:26,1673,-18832,-6507
13:24:26,1673,-18832,-6507
13:24:26,1743,-18843,-6512
13:24:26,1743,-18843,-6512
13:24:26,1743,-18843,-6512
13:24:26,1743,-18843,-6512
13:24:26,1653,-18839,-6515
13:24:26,1653,-18839,-6515
13:24:26,1653,-18839,-6515
13:24:26,1653,-18839,-6515
13:24:26,1611,-18831,-6501
13:24:26,1611,-18831,-6501
13:24:26,1611,-18831,-6501
13:24:26,1611,-18831,-6501
13:24:26,1517,-18831,-6489
13:24:26,1517,-18831,-6489
13:24:26,1517,-18831,-6489
13:24:26,1517,-18831,-6489
13:24:26,1333,-18836,-6481
13:24:26,1333,-18836,-6481
13:24:26,1333,-18836,-6481
13:24:26,1333,-18836,-6481
13:24:26,1281,-18826,-6485
13:24:26,1281,-18826,-6485
13:24:26,1281,-18826,-6485
13:24:26,1281,-18826,-6485
13:24:26,1151,-18830,-6482
13:24:26,1151,-18830,-6482
13:24:26,1151,-18830,-6482
13:24:26,1151,-18830,-6482
13:24:26,1142,-18843,-6501
13:24:26,1142,-18843,-6501
13:24:26,1142,-18843,-6501
13:24:26,1142,-18843,-6501
13:24:26,955,-18848,-6491
13:24:26,955,-18848,-6491
13:24:26,955,-18848,-6491
13:24:26,955,-18848,-6491
13:24:26,983,-18842,-6487
13:24:26,983,-18842,-6487
13:24:26,983,-18842,-6487
13:24:26,983,-18842,-6487
13:24:26,958,-18841,-6483
13:24:26,958,-18841,-6483
13:24:26,958,-18841,-6483
13:24:26,958,-18841,-6483
13:24:26,873,-18838,-6489
13:24:26,873,-18838,-6489
13:24:26,873,-18838,-6489
13:24:26,873,-18838,-6489
13:24:26,726,-18838,-6482
13:24:26,726,-18838,-6482
13:24:26,726,-18838,-6482
13:24:26,726,-18838,-6482
13:24:26,613,-18839,-6484
13:24:26,613,-18839,-6484
13:24:26,613,-18839,-6484
13:24:26,613,-18839,-6484
13:24:26,573,-18835,-6497
13:24:26,573,-18835,-6497
13:24:26,573,-18835,-6497
13:24:26,573,-18835,-6497
13:24:26,509,-18841,-6482
13:24:26,509,-18841,-6482
13:24:26,509,-18841,-6482
13:24:26,509,-18841,-6482
13:24:26,395,-18846,-6471
13:24:26,395,-18846,-6471
13:24:26,395,-18846,-6471
13:24:26,395,-18846,-6471
13:24:26,293,-18836,-6476
13:24:26,293,-18836,-6476
13:24:26,293,-18836,-6476
13:24:26,293,-18836,-6476
13:24:26,305,-18839,-6472
13:24:26,305,-18839,-6472
13:24:26,305,-18839,-6472
13:24:26,305,-18839,-6472
13:24:26,261,-18843,-6467
13:24:26,261,-18843,-6467
13:24:26,261,-18843,-6467
13:24:26,261,-18843,-6467
13:24:26,62,-18842,-6473
13:24:26,62,-18842,-6473
13:24:26,62,-18842,-6473
13:24:26,62,-18842,-6473
13:24:26,1,-18844,-6477
13:24:26,1,-18844,-6477
13:24:26,1,-18844,-6477
13:24:26,1,-18844,-6477
13:24:26,-29,-18847,-6475
13:24:26,-29,-18847,-6475
13:24:26,-29,-18847,-6475
13:24:26,-29,-18847,-6475
13:24:26,-90,-18829,-6448
13:24:26,-90,-18829,-6448
13:24:26,-90,-18829,-6448
13:24:26,-90,-18829,-6448
13:24:26,-58,-18830,-6458
13:24:26,-58,-18830,-6458
13:24:26,-58,-18830,-6458
13:24:26,-58,-18830,-6458
13:24:26,-213,-18824,-6464
13:24:26,-213,-18824,-6464
13:24:26,-213,-18824,-6464
13:24:26,-213,-18824,-6464
13:24:26,-425,-18826,-6468
13:24:26,-425,-18826,-6468
13:24:26,-425,-18826,-6468
13:24:26,-425,-18826,-6468
13:24:26,-404,-18833,-6460
13:24:26,-404,-18833,-6460
13:24:26,-404,-18833,-6460
13:24:26,-404,-18833,-6460
13:24:26,-381,-18824,-6457
13:24:26,-381,-18824,-6457
13:24:26,-381,-18824,-6457
13:24:26,-381,-18824,-6457
13:24:26,-565,-18839,-6470
13:24:26,-565,-18839,-6470
13:24:26,-565,-18839,-6470
13:24:26,-565,-18839,-6470
13:24:26,-567,-18837,-6470
13:24:26,-567,-18837,-6470
13:24:26,-567,-18837,-6470
13:24:26,-567,-18837,-6470
13:24:26,-631,-18830,-6462
13:24:26,-631,-18830,-6462
13:24:26,-631,-18830,-6462
13:24:26,-631,-18830,-6462
13:24:26,-638,-18827,-6455
13:24:26,-638,-18827,-6455
13:24:26,-638,-18827,-6455
13:24:26,-638,-18827,-6455
13:24:26,-874,-18820,-6480
13:24:26,-874,-18820,-6480
13:24:26,-874,-18820,-6480
13:24:26,-874,-18820,-6480
13:24:26,-863,-18828,-6496
13:24:26,-863,-18828,-6496
13:24:26,-863,-18828,-6496
13:24:26,-863,-18828,-6496
13:24:26,-894,-18842,-6519
13:24:26,-894,-18842,-6519
13:24:26,-894,-18842,-6519
13:24:26,-894,-18842,-6519
13:24:26,-990,-18827,-6502
13:24:26,-990,-18827,-6502
13:24:26,-990,-18827,-6502
13:24:26,-990,-18827,-6502
13:24:26,-1020,-18827,-6490
13:24:26,-1020,-18827,-6490
13:24:26,-1020,-18827,-6490
13:24:26,-1020,-18827,-6490
13:24:26,-1134,-18821,-6480
13:24:26,-1134,-18821,-6480
13:24:26,-1134,-18821,-6480
13:24:26,-1134,-18821,-6480
13:24:26,-1220,-18817,-6472
13:24:26,-1220,-18817,-6472
13:24:26,-1220,-18817,-6472
13:24:26,-1220,-18817,-6472
13:24:26,-1111,-18816,-6449
13:24:26,-1111,-18816,-6449
13:24:26,-1111,-18816,-6449
13:24:26,-1111,-18816,-6449
13:24:26,-1160,-18807,-6451
13:24:26,-1160,-18807,-6451
13:24:26,-1160,-18807,-6451
13:24:26,-1160,-18807,-6451
13:24:26,-1334,-18816,-6449
13:24:26,-1334,-18816,-6449
13:24:26,-1334,-18816,-6449
13:24:26,-1334,-18816,-6449
13:24:26,-1314,-18812,-6448
13:24:26,-1314,-18812,-6448
13:24:26,-1314,-18812,-6448
13:24:26,-1314,-18812,-6448
13:24:26,-1478,-18814,-6454
13:24:26,-1478,-18814,-6454
13:24:26,-1478,-18814,-6454
13:24:26,-1478,-18814,-6454
13:24:26,-1404,-18809,-6451
13:24:26,-1404,-18809,-6451
13:24:26,-1404,-18809,-6451
13:24:26,-1404,-18809,-6451
13:24:26,-1453,-18813,-6464
13:24:27,-1453,-18813,-6464
13:24:27,-1453,-18813,-6464
13:24:27,-1453,-18813,-6464
13:24:27,-1546,-18824,-6464
13:24:27,-1546,-18824,-6464
13:24:27,-1546,-18824,-6464
13:24:27,-1546,-18824,-6464
13:24:27,-1577,-18821,-6469
13:24:27,-1577,-18821,-6469
13:24:27,-1577,-18821,-6469
13:24:27,-1577,-18821,-6469
13:24:27,-1530,-18821,-6471
13:24:27,-1530,-18821,-6471
13:24:27,-1530,-18821,-6471
13:24:27,-1530,-18821,-6471
13:24:27,-1503,-18821,-6468
13:24:27,-1503,-18821,-6468
13:24:27,-1503,-18821,-6468
13:24:27,-1503,-18821,-6468
13:24:27,-1625,-18828,-6469
13:24:27,-1625,-18828,-6469
13:24:27,-1625,-18828,-6469
13:24:27,-1625,-18828,-6469
13:24:27,-1679,-18825,-6467
13:24:27,-1679,-18825,-6467
13:24:27,-1679,-18825,-6467
13:24:27,-1679,-18825,-6467
13:24:27,-1785,-18831,-6459
13:24:27,-1785,-18831,-6459
13:24:27,-1785,-18831,-6459
13:24:27,-1785,-18831,-6459
13:24:27,-1726,-18840,-6492
13:24:27,-1726,-18840,-6492
13:24:27,-1726,-18840,-6492
13:24:27,-1726,-18840,-6492
13:24:27,-1878,-18848,-6495
13:24:27,-1878,-18848,-6495
13:24:27,-1878,-18848,-6495
13:24:27,-1878,-18848,-6495
13:24:27,-1879,-18855,-6499
13:24:27,-1879,-18855,-6499
13:24:27,-1879,-18855,-6499
13:24:27,-1879,-18855,-6499
13:24:27,-1740,-18854,-6508
13:24:27,-1740,-18854,-6508
13:24:27,-1740,-18854,-6508
13:24:27,-1740,-18854,-6508
13:24:27,-1744,-18853,-6504
13:24:27,-1744,-18853,-6504
13:24:27,-1744,-18853,-6504
13:24:27,-1744,-18853,-6504
13:24:27,-1817,-18857,-6509
13:24:27,-1817,-18857,-6509
13:24:27,-1817,-18857,-6509
13:24:27,-1817,-18857,-6509
13:24:27,-1703,-18850,-6500
13:24:27,-1703,-18850,-6500
13:24:27,-1703,-18850,-6500
13:24:27,-1703,-18850,-6500
13:24:27,-1834,-18844,-6494
13:24:27,-1834,-18844,-6494
13:24:27,-1834,-18844,-6494
13:24:27,-1834,-18844,-6494
13:24:27,-1869,-18849,-6495
13:24:27,-1869,-18849,-6495
13:24:27,-1869,-18849,-6495
13:24:27,-1869,-18849,-6495
13:24:27,-1903,-18843,-6481
13:24:27,-1903,-18843,-6481
13:24:27,-1903,-18843,-6481
13:24:27,-1903,-18843,-6481
13:24:27,-1878,-18846,-6503
13:24:27,-1878,-18846,-6503
13:24:27,-1878,-18846,-6503
13:24:27,-1878,-18846,-6503
13:24:27,-1897,-18852,-6500
13:24:27,-1897,-18852,-6500
13:24:27,-1897,-18852,-6500
13:24:27,-1897,-18852,-6500
13:24:27,-2010,-18854,-6509
13:24:27,-2010,-18854,-6509
13:24:27,-2010,-18854,-6509
13:24:27,-2010,-18854,-6509
13:24:27,-1903,-18852,-6496
13:24:27,-1903,-18852,-6496
13:24:27,-1903,-18852,-6496
13:24:27,-1903,-18852,-6496
13:24:27,-1885,-18856,-6535
13:24:27,-1885,-18856,-6535
13:24:27,-1885,-18856,-6535
13:24:27,-1885,-18856,-6535
13:24:27,-1941,-18871,-6550
13:24:27,-1941,-18871,-6550
13:24:27,-1941,-18871,-6550
13:24:27,-1941,-18871,-6550
13:24:27,-2054,-18865,-6555
13:24:27,-2054,-18865,-6555
13:24:27,-2054,-18865,-6555
13:24:27,-2054,-18865,-6555
13:24:27,-1934,-18859,-6560
13:24:27,-1934,-18859,-6560
13:24:27,-1934,-18859,-6560
13:24:27,-1934,-18859,-6560
13:24:27,-1881,-18863,-6545
13:24:27,-1881,-18863,-6545
13:24:27,-1881,-18863,-6545
13:24:27,-1881,-18863,-6545
13:24:27,-1951,-18864,-6525
13:24:27,-1951,-18864,-6525
13:24:27,-1951,-18864,-6525
13:24:27,-1951,-18864,-6525
13:24:27,-1984,-18863,-6523
13:24:27,-1984,-18863,-6523
13:24:27,-1984,-18863,-6523
13:24:27,-1984,-18863,-6523
13:24:27,-1975,-18858,-6521
13:24:27,-1975,-18858,-6521
13:24:27,-1975,-18858,-6521
13:24:27,-1975,-18858,-6521
13:24:27,-2045,-18856,-6533
13:24:27,-2045,-18856,-6533
13:24:27,-2045,-18856,-6533
13:24:27,-2045,-18856,-6533
13:24:27,-1806,-18850,-6516
13:24:27,-1806,-18850,-6516
13:24:27,-1806,-18850,-6516
13:24:27,-1806,-18850,-6516
13:24:27,-1925,-18853,-6522
13:24:27,-1925,-18853,-6522
13:24:27,-1925,-18853,-6522
13:24:27,-1925,-18853,-6522
13:24:27,-1931,-18868,-6512
13:24:27,-1931,-18868,-6512
13:24:27,-1931,-18868,-6512
13:24:27,-1931,-18868,-6512
13:24:27,-1911,-18858,-6529
13:24:27,-1911,-18858,-6529
13:24:27,-1911,-18858,-6529
13:24:27,-1911,-18858,-6529
13:24:27,-1911,-18866,-6520
13:24:27,-1911,-18866,-6520
13:24:27,-1911,-18866,-6520
13:24:27,-1911,-18866,-6520
13:24:27,-1924,-18856,-6501
13:24:27,-1924,-18856,-6501
13:24:27,-1924,-18856,-6501
13:24:27,-1924,-18856,-6501
13:24:27,-1854,-18857,-6514
13:24:27,-1854,-18857,-6514
13:24:27,-1854,-18857,-6514
13:24:27,-1854,-18857,-6514
13:24:27,-1725,-18856,-6503
13:24:27,-1725,-18856,-6503
13:24:27,-1725,-18856,-6503
13:24:27,-1725,-18856,-6503
13:24:27,-1837,-18868,-6507
13:24:27,-1837,-18868,-6507
13:24:27,-1837,-18868,-6507
13:24:27,-1837,-18868,-6507
13:24:27,-1958,-18851,-6489
13:24:27,-1958,-18851,-6489
13:24:27,-1958,-18851,-6489
13:24:27,-1958,-18851,-6489
13:24:27,-1866,-18853,-6485
13:24:27,-1866,-18853,-6485
13:24:27,-1866,-18853,-6485
13:24:27,-1866,-18853,-6485
13:24:27,-1822,-18855,-6486
13:24:27,-1822,-18855,-6486
13:24:27,-1822,-18855,-6486
13:24:27,-1822,-18855,-6486
13:24:27,-1924,-18864,-6487
13:24:27,-1924,-18864,-6487
13:24:27,-1924,-18864,-6487
13:24:27,-1924,-18864,-6487
13:24:27,-1816,-18875,-6509
13:24:27,-1816,-18875,-6509
13:24:27,-1816,-18875,-6509
13:24:27,-1816,-18875,-6509
13:24:27,-1743,-18868,-6515
13:24:27,-1743,-18868,-6515
13:24:27,-1743,-18868,-6515
13:24:27,-1743,-18868,-6515
13:24:27,-1803,-18879,-6517
13:24:27,-1803,-18879,-6517
13:24:27,-1803,-18879,-6517
13:24:27,-1803,-18879,-6517
13:24:27,-1673,-18873,-6537
13:24:27,-1673,-18873,-6537
13:24:27,-1673,-18873,-6537
13:24:27,-1673,-18873,-6537
13:24:27,-1650,-18874,-6531
13:24:27,-1650,-18874,-6531
13:24:27,-1650,-18874,-6531
13:24:27,-1650,-18874,-6531
13:24:27,-1665,-18875,-6537
13:24:27,-1665,-18875,-6537
13:24:27,-1665,-18875,-6537
13:24:27,-1665,-18875,-6537
13:24:28,-1788,-18862,-6533
13:24:28,-1788,-18862,-6533
13:24:28,-1788,-18862,-6533
13:24:28,-1788,-18862,-6533
13:24:28,-1633,-18868,-6526
13:24:28,-1633,-18868,-6526
13:24:28,-1633,-18868,-6526
13:24:28,-1633,-18868,-6526
13:24:28,-1620,-18850,-6508
13:24:28,-1620,-18850,-6508
13:24:28,-1620,-18850,-6508
13:24:28,-1620,-18850,-6508
13:24:28,-1610,-18855,-6509
13:24:28,-1610,-18855,-6509
13:24:28,-1610,-18855,-6509
13:24:28,-1610,-18855,-6509
13:24:28,-1561,-18860,-6495
13:24:28,-1561,-18860,-6495
13:24:28,-1561,-18860,-6495
13:24:28,-1561,-18860,-6495
13:24:28,-1604,-18856,-6482
13:24:28,-1604,-18856,-6482
13:24:28,-1604,-18856,-6482
13:24:28,-1604,-18856,-6482
13:24:28,-1631,-18847,-6484
13:24:28,-1631,-18847,-6484
13:24:28,-1631,-18847,-6484
13:24:28,-1631,-18847,-6484
13:24:28,-1496,-18853,-6476
13:24:28,-1496,-18853,-6476
13:24:28,-1496,-18853,-6476
13:24:28,-1496,-18853,-6476
13:24:28,-1400,-18859,-6473
13:24:28,-1400,-18859,-6473
13:24:28,-1400,-18859,-6473
13:24:28,-1400,-18859,-6473
13:24:28,-1458,-18842,-6452
13:24:28,-1458,-18842,-6452
13:24:28,-1458,-18842,-6452
13:24:28,-1458,-18842,-6452
13:24:28,-1408,-18836,-6455
13:24:28,-1408,-18836,-6455
13:24:28,-1408,-18836,-6455
13:24:28,-1408,-18836,-6455
13:24:28,-1471,-18830,-6465
13:24:28,-1471,-18830,-6465
13:24:28,-1471,-18830,-6465
13:24:28,-1471,-18830,-6465
13:24:28,-1388,-18835,-6447
13:24:28,-1388,-18835,-6447
13:24:28,-1388,-18835,-6447
13:24:28,-1388,-18835,-6447
13:24:28,-1360,-18838,-6474
13:24:28,-1360,-18838,-6474
13:24:28,-1360,-18838,-6474
13:24:28,-1360,-18838,-6474
13:24:28,-1337,-18840,-6467
13:24:28,-1337,-18840,-6467
13:24:28,-1337,-18840,-6467
13:24:28,-1337,-18840,-6467
13:24:28,-1324,-18844,-6451
13:24:28,-1324,-18844,-6451
13:24:28,-1324,-18844,-6451
13:24:28,-1324,-18844,-6451
13:24:28,-1351,-18839,-6451
13:24:28,-1351,-18839,-6451
13:24:28,-1351,-18839,-6451
13:24:28,-1351,-18839,-6451
13:24:28,-1267,-18836,-6436
13:24:28,-1267,-18836,-6436
13:24:28,-1267,-18836,-6436
13:24:28,-1267,-18836,-6436
13:24:28,-1232,-18832,-6431
13:24:28,-1232,-18832,-6431
13:24:28,-1232,-18832,-6431
13:24:28,-1232,-18832,-6431
13:24:28,-1159,-18848,-6439
13:24:28,-1159,-18848,-6439
13:24:28,-1159,-18848,-6439
13:24:28,-1159,-18848,-6439
13:24:28,-1044,-18846,-6441
13:24:28,-1044,-18846,-6441
13:24:28,-1044,-18846,-6441
13:24:28,-1044,-18846,-6441
13:24:28,-1119,-18851,-6435
13:24:28,-1119,-18851,-6435
13:24:28,-1119,-18851,-6435
13:24:28,-1119,-18851,-6435
13:24:28,-1065,-18842,-6425
13:24:28,-1065,-18842,-6425
13:24:28,-1065,-18842,-6425
13:24:28,-1065,-18842,-6425
13:24:28,-1098,-18844,-6434
13:24:28,-1098,-18844,-6434
13:24:28,-1098,-18844,-6434
13:24:28,-1098,-18844,-6434
13:24:28,-1132,-18843,-6439
13:24:28,-1132,-18843,-6439
13:24:28,-1132,-18843,-6439
13:24:28,-1132,-18843,-6439
13:24:28,-1033,-18839,-6435
13:24:28,-1033,-18839,-6435
13:24:28,-1033,-18839,-6435
13:24:28,-1033,-18839,-6435
13:24:28,-1006,-18839,-6422
13:24:28,-1006,-18839,-6422
13:24:28,-1006,-18839,-6422
13:24:28,-1006,-18839,-6422
13:24:28,-882,-18832,-6417
13:24:28,-882,-18832,-6417
13:24:28,-882,-18832,-6417
13:24:28,-882,-18832,-6417
13:24:28,-848,-18821,-6384
13:24:28,-848,-18821,-6384
13:24:28,-848,-18821,-6384
13:24:28,-848,-18821,-6384
13:24:28,-854,-18813,-6399
13:24:28,-854,-18813,-6399
13:24:28,-854,-18813,-6399
13:24:28,-854,-18813,-6399
13:24:28,-896,-18823,-6393
13:24:28,-896,-18823,-6393
13:24:28,-896,-18823,-6393
13:24:28,-896,-18823,-6393
13:24:28,-696,-18812,-6403
13:24:28,-696,-18812,-6403
13:24:28,-696,-18812,-6403
13:24:28,-696,-18812,-6403
13:24:28,-589,-18819,-6402
13:24:28,-589,-18819,-6402
13:24:28,-589,-18819,-6402
13:24:28,-589,-18819,-6402
13:24:28,-592,-18819,-6398
13:24:28,-592,-18819,-6398
13:24:28,-592,-18819,-6398
13:24:28,-592,-18819,-6398
13:24:28,-480,-18831,-6403
13:24:28,-480,-18831,-6403
13:24:28,-480,-18831,-6403
13:24:28,-480,-18831,-6403
13:24:28,-491,-18824,-6416
13:24:28,-491,-18824,-6416
13:24:28,-491,-18824,-6416
13:24:28,-491,-18824,-6416
13:24:28,-325,-18829,-6406
13:24:28,-325,-18829,-6406
13:24:28,-325,-18829,-6406
13:24:28,-325,-18829,-6406
13:24:28,-373,-18819,-6388
13:24:28,-373,-18819,-6388
13:24:28,-373,-18819,-6388
13:24:28,-373,-18819,-6388
13:24:28,-414,-18814,-6391
13:24:28,-414,-18814,-6391
13:24:28,-414,-18814,-6391
13:24:28,-414,-18814,-6391
13:24:28,-276,-18802,-6369
13:24:28,-276,-18802,-6369
13:24:28,-276,-18802,-6369
13:24:28,-276,-18802,-6369
13:24:28,-173,-18800,-6379
13:24:28,-173,-18800,-6379
13:24:28,-173,-18800,-6379
13:24:28,-173,-18800,-6379
13:24:28,-169,-18796,-6376
13:24:28,-169,-18796,-6376
13:24:28,-169,-18796,-6376
13:24:28,-169,-18796,-6376
13:24:28,-125,-18821,-6384
13:24:28,-125,-18821,-6384
13:24:28,-125,-18821,-6384
13:24:28,-125,-18821,-6384
13:24:28,-42,-18821,-6389
13:24:28,-42,-18821,-6389
13:24:28,-42,-18821,-6389
13:24:28,-42,-18821,-6389
13:24:28,-59,-18823,-6398
13:24:28,-59,-18823,-6398
13:24:28,-59,-18823,-6398
13:24:28,-59,-18823,-6398
13:24:28,72,-18815,-6399
13:24:28,72,-18815,-6399
13:24:28,72,-18815,-6399
13:24:28,72,-18815,-6399
13:24:28,127,-18815,-6414
13:24:28,127,-18815,-6414
13:24:28,127,-18815,-6414
13:24:28,127,-18815,-6414
13:24:28,316,-18811,-6432
13:24:28,316,-18811,-6432
13:24:28,316,-18811,-6432
13:24:28,316,-18811,-6432
13:24:28,221,-18808,-6428
13:24:28,221,-18808,-6428
13:24:28,221,-18808,-6428
13:24:28,221,-18808,-6428
13:24:28,319,-18803,-6417
13:24:28,319,-18803,-6417
13:24:28,319,-18803,-6417
13:24:29,319,-18803,-6417
13:24:29,439,-18814,-6401
13:24:29,439,-18814,-6401
13:24:29,439,-18814,-6401
13:24:29,439,-18814,-6401
13:24:29,528,-18817,-6398
13:24:29,528,-18817,-6398
13:24:29,528,-18817,-6398
13:24:29,528,-18817,-6398
13:24:29,626,-18810,-6396
13:24:29,626,-18810,-6396
13:24:29,626,-18810,-6396
13:24:29,626,-18810,-6396
13:24:29,675,-18812,-6396
13:24:29,675,-18812,-6396
13:24:29,675,-18812,-6396
13:24:29,675,-18812,-6396
13:24:29,786,-18820,-6384
13:24:29,786,-18820,-6384
13:24:29,786,-18820,-6384
13:24:29,786,-18820,-6384
13:24:29,850,-18805,-6368
13:24:29,850,-18805,-6368
13:24:29,850,-18805,-6368
13:24:29,850,-18805,-6368
13:24:29,893,-18809,-6365
13:24:29,893,-18809,-6365
13:24:29,893,-18809,-6365
13:24:29,893,-18809,-6365
13:24:29,958,-18810,-6357
13:24:29,958,-18810,-6357
13:24:29,958,-18810,-6357
13:24:29,958,-18810,-6357
13:24:29,876,-18808,-6361
13:24:29,876,-18808,-6361
13:24:29,876,-18808,-6361
13:24:29,876,-18808,-6361
13:24:29,1060,-18802,-6360
13:24:29,1060,-18802,-6360
13:24:29,1060,-18802,-6360
13:24:29,1060,-18802,-6360
13:24:29,1249,-18805,-6366
13:24:29,1249,-18805,-6366
13:24:29,1249,-18805,-6366
13:24:29,1249,-18805,-6366
13:24:29,1260,-18814,-6377
13:24:29,1260,-18814,-6377
13:24:29,1260,-18814,-6377
13:24:29,1260,-18814,-6377
13:24:29,1373,-18813,-6365
13:24:29,1373,-18813,-6365
13:24:29,1373,-18813,-6365
13:24:29,1373,-18813,-6365
13:24:29,1340,-18803,-6374
13:24:29,1340,-18803,-6374
13:24:29,1340,-18803,-6374
13:24:29,1340,-18803,-6374
13:24:29,1323,-18814,-6384
13:24:29,1323,-18814,-6384
13:24:29,1323,-18814,-6384
13:24:29,1323,-18814,-6384
13:24:29,1355,-18826,-6374
13:24:29,1355,-18826,-6374
13:24:29,1355,-18826,-6374
13:24:29,1355,-18826,-6374
13:24:29,1468,-18824,-6379
13:24:29,1468,-18824,-6379
13:24:29,1468,-18824,-6379
13:24:29,1468,-18824,-6379
13:24:29,1652,-18831,-6384
13:24:29,1652,-18831,-6384
13:24:29,1652,-18831,-6384
13:24:29,1652,-18831,-6384
13:24:29,1525,-18832,-6387
13:24:29,1525,-18832,-6387
13:24:29,1525,-18832,-6387
13:24:29,1525,-18832,-6387
13:24:29,1589,-18829,-6397
13:24:29,1589,-18829,-6397
13:24:29,1589,-18829,-6397
13:24:29,1589,-18829,-6397
13:24:29,1671,-18819,-6385
13:24:29,1671,-18819,-6385
13:24:29,1671,-18819,-6385
13:24:29,1671,-18819,-6385
13:24:29,1886,-18822,-6371
13:24:29,1886,-18822,-6371
13:24:29,1886,-18822,-6371
13:24:29,1886,-18822,-6371
13:24:29,1936,-18814,-6381
13:24:29,1936,-18814,-6381
13:24:29,1936,-18814,-6381
13:24:29,1936,-18814,-6381
13:24:29,1900,-18821,-6382
13:24:29,1900,-18821,-6382
13:24:29,1900,-18821,-6382
13:24:29,1900,-18821,-6382
13:24:29,1893,-18809,-6358
13:24:29,1893,-18809,-6358
13:24:29,1893,-18809,-6358
13:24:29,1893,-18809,-6358
13:24:29,1963,-18805,-6350
13:24:29,1963,-18805,-6350
13:24:29,1963,-18805,-6350
13:24:29,1963,-18805,-6350
13:24:29,2029,-18808,-6357
13:24:29,2029,-18808,-6357
13:24:29,2029,-18808,-6357
13:24:29,2029,-18808,-6357
13:24:29,1959,-18810,-6369
13:24:29,1959,-18810,-6369
13:24:29,1959,-18810,-6369
13:24:29,1959,-18810,-6369
13:24:29,2140,-18807,-6360
13:24:29,2140,-18807,-6360
13:24:29,2140,-18807,-6360
13:24:29,2140,-18807,-6360
13:24:29,2165,-18800,-6392
13:24:29,2165,-18800,-6392
13:24:29,2165,-18800,-6392
13:24:29,2165,-18800,-6392
13:24:29,2198,-18803,-6393
13:24:29,2198,-18803,-6393
13:24:29,2198,-18803,-6393
13:24:29,2198,-18803,-6393
13:24:29,2194,-18810,-6405
13:24:29,2194,-18810,-6405
13:24:29,2194,-18810,-6405
13:24:29,2194,-18810,-6405
13:24:29,2199,-18815,-6394
13:24:29,2199,-18815,-6394
13:24:29,2199,-18815,-6394
13:24:29,2199,-18815,-6394
13:24:29,2249,-18798,-6378
13:24:29,2249,-18798,-6378
13:24:29,2249,-18798,-6378
13:24:29,2249,-18798,-6378
13:24:29,2184,-18803,-6365